status,start_date,end_date,days_to_target,final_value,accumulated_investment,accumulated_shares
completed,1927-12-01,1945-01-10,6250,1000519197,851200000,73083944.30803838
completed,1928-01-01,1945-01-10,6219,1000364157,851000000,73072619.2797258
completed,1928-02-01,1945-02-05,6214,1001466085,850400000,73099714.28107545
completed,1928-03-01,1945-02-06,6186,1000847073,846800000,72894907.00343189
completed,1928-04-01,1945-02-08,6157,1000109966,842800000,72682410.36132517
completed,1928-05-01,1945-02-13,6132,1007817974,839200000,72504890.24755251
completed,1928-06-01,1945-02-13,6101,1004759960,834800000,72284889.22541527
completed,1928-07-01,1945-02-13,6071,1001682587,830600000,72063495.48121619
completed,1928-08-01,1945-02-14,6041,1003863539,826600000,71858521.11612299
completed,1928-09-01,1945-02-14,6010,1000614727,822000000,71625964.75798379
completed,1928-10-01,1945-02-15,5981,1005452019,818400000,71460697.89996691
completed,1928-11-01,1945-02-15,5950,1002585432,814000000,71256960.41144891
completed,1928-12-01,1945-02-15,5920,1000146757,810000000,71083635.90323241
completed,1929-01-01,1945-02-19,5893,1004496875,806400000,70939044.8887663
completed,1929-02-01,1945-02-19,5862,1001990461,802000000,70762038.25031163
completed,1929-03-01,1945-02-20,5835,1003680997,798600000,70632019.55760202
completed,1929-04-01,1945-02-20,5804,1001442380,794600000,70474481.38190171
completed,1929-05-01,1945-02-28,5782,1006302437,791200000,70370799.80534396
completed,1929-06-01,1945-02-28,5751,1003843983,786800000,70198879.99003778
completed,1929-07-01,1945-02-28,5721,1001654953,782800000,70045800.96027271
completed,1929-08-01,1945-03-01,5691,1001041815,778600000,69905154.68047978
completed,1929-09-01,1945-03-06,5665,1003039001,774800000,69800904.788661
completed,1929-10-01,1945-03-06,5635,1001202401,770800000,69673096.86286958
completed,1929-11-01,1945-04-16,5645,1012999137,771800000,69910223.4060487
completed,1929-12-01,1945-04-16,5615,1010597109,768400000,69744451.97368082
completed,1930-01-01,1945-04-16,5584,1007748620,764200000,69547868.89224926
completed,1930-02-01,1945-04-16,5553,1004811676,759800000,69345181.25248341
completed,1930-03-01,1945-04-16,5525,1002425374,756000000,69180495.12565294
completed,1930-04-01,1945-04-17,5495,1001459243,752000000,69018555.7025465
completed,1930-05-01,1945-04-18,5466,1008901916,748000000,68867025.01208267
completed,1930-06-01,1945-04-18,5435,1006332556,743800000,68691642.09654887
completed,1930-07-01,1945-04-18,5405,1003466741,739600000,68496023.32923149
completed,1930-08-01,1945-04-18,5374,1000397266,735200000,68286502.80412854
completed,1930-09-01,1945-04-24,5349,1001648493,731800000,68139353.31097345
completed,1930-10-01,1945-04-30,5325,1008987796,728400000,67991091.39205335
completed,1930-11-01,1945-04-30,5294,1005339906,724000000,67745276.68932451
completed,1930-12-01,1945-04-30,5264,1002116939,720400000,67528095.636385
completed,1931-01-01,1945-05-03,5236,1000527934,716600000,67284998.95662047
completed,1931-02-01,1945-05-04,5206,1000154524,712600000,67034485.585952885
completed,1931-03-01,1945-05-08,5182,1000093601,709400000,66851176.60408528
completed,1931-04-01,1945-05-28,5171,1003853653,707800000,66789996.927497774
completed,1931-05-01,1945-05-29,5142,1005379783,703800000,66537378.141647
completed,1931-06-01,1945-05-29,5111,1000925538,699600000,66242590.24917593
completed,1931-07-01,1945-06-20,5103,1003749619,698200000,66123163.34352609
completed,1931-08-01,1945-06-21,5073,1004342545,693800000,65815369.94227533
completed,1931-09-01,1945-06-22,5043,1001236468,689800000,65525946.879495256
completed,1931-10-01,1945-06-25,5016,1000546404,685800000,65182176.18234026
completed,1931-11-01,1945-08-28,5049,1001186170,690200000,65351577.72124857
completed,1931-12-01,1945-08-31,5022,1008532250,687000000,65024645.40915006
completed,1932-01-01,1945-08-31,4991,1000390068,682600000,64499682.0404842
completed,1932-02-01,1945-09-06,4966,1008252887,679200000,64056727.29531298
completed,1932-03-01,1945-09-06,4937,1000944718,675400000,63592421.74364492
completed,1932-04-01,1945-09-11,4911,1001955655,671600000,63095444.29684976
completed,1932-05-01,1945-09-20,4890,1002064882,668800000,62511841.54624589
completed,1932-06-01,1945-10-01,4870,1009758344,666000000,61834558.748484746
completed,1932-07-01,1945-10-08,4847,1005944931,662600000,60966359.502874926
completed,1932-08-01,1945-10-17,4825,1003396921,659800000,60227906.46178213
completed,1932-09-01,1945-11-01,4809,1007850401,657400000,59742166.08749987
completed,1932-10-01,1945-11-05,4783,1003741794,653600000,59252758.89323542
completed,1932-11-01,1945-11-07,4754,1006114258,649800000,58699785.162763245
completed,1932-12-01,1945-11-19,4736,1000642747,647200000,58210743.98200894
completed,1933-01-01,1945-12-03,4719,1006288400,644800000,57700019.66376536
completed,1933-02-01,1945-12-07,4692,1002465174,641400000,57153085.344087616
completed,1933-03-01,1945-12-10,4667,1000444969,638000000,56586253.91793647
completed,1933-04-01,1946-01-09,4666,1010374083,638600000,56288246.624197416
completed,1933-05-01,1946-01-09,4636,1000333131,634800000,55728862.176602624
completed,1933-06-01,1946-01-11,4607,1001754901,630800000,55253996.520700805
completed,1933-07-01,1946-01-14,4580,1005257336,626600000,54842189.66989215
completed,1933-08-01,1946-01-15,4550,1000535021,622800000,54495368.58916983
completed,1933-09-01,1946-01-28,4532,1008513640,620000000,54162920.85907199
completed,1933-10-01,1946-01-28,4502,1001468371,616000000,53784549.83294137
completed,1933-11-01,1946-04-04,4537,1000720256,621000000,53860078.40115716
completed,1933-12-01,1946-04-09,4512,1009743869,617600000,53482199.284094416
completed,1934-01-01,1946-04-09,4481,1002160130,613600000,53080518.21248706
completed,1934-02-01,1946-05-27,4498,1003064499,615800000,53016094.048227295
completed,1934-03-01,1946-05-28,4471,1011999924,612400000,52708326.64156569
completed,1934-04-01,1946-05-28,4440,1004479023,608200000,52316613.06327064
completed,1934-05-01,1949-10-11,5642,1005181977,773200000,62941889.62949588
completed,1934-06-01,1949-10-26,5626,1005661750,770800000,62619041.89475331
completed,1934-07-01,1949-10-27,5597,1004670141,766800000,62208677.494158566
completed,1934-08-01,1949-11-01,5571,1001168602,763200000,61800527.18812439
completed,1934-09-01,1949-11-02,5541,1001145772,758800000,61307150.78873782
completed,1934-10-01,1949-12-05,5544,1003084917,759000000,61126442.26072428
completed,1934-11-01,1949-12-12,5520,1005724365,755600000,60695495.785686925
completed,1934-12-01,1949-12-13,5491,1003291003,752000000,60293934.10739533
completed,1935-01-01,1949-12-29,5476,1000693735,750200000,59993629.20286711
completed,1935-02-01,1950-01-04,5451,1003475903,746400000,59553466.05341572
completed,1935-03-01,1950-01-05,5424,1001644922,743000000,59163905.61905333
completed,1935-04-01,1950-01-09,5397,1002367929,739200000,58686646.9423081
completed,1935-05-01,1950-02-02,5391,1006765352,738600000,58430954.86296373
completed,1935-06-01,1950-02-03,5361,1002627969,734400000,57988890.17549204
completed,1935-07-01,1950-03-06,5362,1001345104,734200000,57814382.46222322
completed,1935-08-01,1950-03-15,5340,1003072170,731200000,57482642.59918614
completed,1935-09-01,1950-03-22,5316,1002999003,727800000,57150943.63199207
completed,1935-10-01,1950-04-05,5300,1003509409,725800000,56920559.61277799
completed,1935-11-01,1950-04-06,5270,1005364474,721400000,56544680.408192985
completed,1935-12-01,1950-04-06,5240,1000456457,717800000,56268639.00946248
completed,1936-01-01,1950-04-12,5215,1004297520,714200000,55980906.59011015
completed,1936-02-01,1950-04-13,5185,1000989657,710000000,55672394.73876471
completed,1936-03-01,1950-04-19,5162,1000980889,707000000,55456008.04804353
completed,1936-04-01,1950-05-01,5143,1006638901,704200000,55249119.45031177
completed,1936-05-01,1950-05-01,5113,1001475397,700000000,54965721.84937448
completed,1936-06-01,1950-05-10,5091,1001274715,697200000,54744377.27425921
completed,1936-07-01,1950-05-16,5067,1004768669,693600000,54488536.62384542
completed,1936-08-01,1950-05-17,5037,1003838962,689200000,54202967.72806309
completed,1936-09-01,1950-05-18,5007,1001293278,685200000,53948994.22818746
completed,1936-10-01,1950-05-19,4978,1003065644,681200000,53697304.31854674
completed,1936-11-01,1950-05-23,4951,1000417667,677400000,53469680.44737647
completed,1936-12-01,1950-05-31,4929,1001267620,674800000,53315631.91804578
completed,1937-01-01,1950-06-06,4904,1002536976,671200000,53100478.25441061
completed,1937-02-01,1950-06-07,4874,1001083667,667400000,52883447.83327894
completed,1937-03-01,1950-06-08,4847,1008580104,664000000,52694888.04990145
completed,1937-04-01,1950-06-08,4816,1003922755,659600000,52451557.3881823
completed,1937-05-01,1950-06-09,4787,1005428344,655400000,52202925.46605705
completed,1937-06-01,1950-06-09,4756,1000681163,651400000,51956446.7230597
completed,1937-07-01,1950-06-12,4729,1002694362,647200000,51685276.43979303
completed,1937-08-01,1950-09-14,4792,1000383692,656200000,52157648.21890242
completed,1937-09-01,1950-09-15,4762,1001247924,652000000,51905021.89295502
completed,1937-10-01,1950-09-21,4738,1000533290,648600000,51653755.25249542
completed,1937-11-01,1950-10-02,4718,1012031290,646000000,51398234.57170016
completed,1937-12-01,1950-10-02,4688,1005325501,642200000,51057666.36559123
completed,1938-01-01,1950-10-04,4659,1013180412,638000000,50659020.60311758
completed,1938-02-01,1950-10-04,4628,1005743161,633800000,50287158.05717149
completed,1938-03-01,1950-10-06,4602,1005231853,630400000,49961819.28320445
completed,1938-04-01,1950-11-22,4618,1004467956,632000000,49824799.417112514
completed,1938-05-01,1950-11-24,4590,1004372649,628200000,49427787.89365108
completed,1938-06-01,1950-12-28,4593,1003498819,628600000,49239394.94890957
completed,1938-07-01,1951-01-02,4568,1014126139,624600000,48826487.216611154
completed,1938-08-01,1951-01-02,4537,1007331155,620600000,48499333.44640496
completed,1938-09-01,1951-01-04,4508,1004773606,616400000,48144396.64860711
completed,1938-10-01,1951-01-08,4482,1003926655,612600000,47806031.23477404
completed,1938-11-01,1951-01-09,4452,1003415471,608800000,47510200.01287056
completed,1938-12-01,1951-01-11,4424,1000971432,605400000,47237913.397649325
completed,1939-01-01,1951-01-16,4398,1007217606,601800000,46934653.02214278
completed,1939-02-01,1951-01-16,4367,1000002636,597600000,46598447.47901222
completed,1939-03-01,1951-01-29,4352,1005315222,595800000,46392026.89506565
completed,1939-04-01,1951-01-30,4322,1000658746,591400000,46028461.17878712
completed,1939-05-01,1951-02-02,4295,1003674704,588200000,45704678.953015365
completed,1939-06-01,1951-02-05,4267,1006136646,584000000,45321468.52666467
completed,1939-07-01,1951-04-13,4304,1001982705,588800000,45359108.45362947
completed,1939-08-01,1951-04-27,4287,1009973625,586800000,45108247.91910525
completed,1939-09-01,1951-04-27,4256,1001033529,582200000,44708958.19016393
completed,1939-10-01,1951-05-01,4230,1000649608,578600000,44414095.1847504
completed,1939-11-01,1951-05-03,4201,1006062305,574800000,44106196.8264916
completed,1939-12-01,1951-07-30,4259,1003458110,582800000,44341942.32660857
completed,1940-01-01,1951-08-02,4231,1005102749,579400000,44044818.12560679
completed,1940-02-01,1951-08-06,4204,1005643290,575400000,43704619.31560875
completed,1940-03-01,1951-08-29,4198,1004956694,575000000,43542317.78838501
completed,1940-04-01,1951-08-30,4168,1004471469,571200000,43221663.93838554
completed,1940-05-01,1951-09-05,4144,1004451256,567400000,42888610.43211487
completed,1940-06-01,1951-09-10,4118,1003647670,563600000,42491432.16134324
completed,1940-07-01,1951-10-03,4111,1004448997,563000000,42221477.73295077
completed,1940-08-01,1951-12-28,4166,1001468630,570000000,42273895.65988702
completed,1940-09-01,1952-01-04,4142,1001655045,566400000,41875210.93508959
completed,1940-10-01,1952-01-14,4122,1003825380,563600000,41549063.75637958
completed,1940-11-01,1952-01-21,4098,1006806829,560000000,41161360.21106469
completed,1940-12-01,1952-01-22,4069,1007148844,556600000,40841396.76457722
completed,1941-01-01,1952-06-06,4174,1000295559,571200000,41232298.39865942
completed,1941-02-01,1952-06-19,4156,1002177274,568600000,40888505.69854092
completed,1941-03-01,1952-06-26,4135,1003474281,565800000,40544415.40061524
completed,1941-04-01,1952-06-30,4108,1001858989,562000000,40138582.93597599
completed,1941-05-01,1952-07-15,4093,1000930243,559800000,39782601.08758677
completed,1941-06-01,1952-07-30,4077,1000204873,557800000,39424707.68242813
completed,1941-07-01,1952-11-19,4159,1003281998,568800000,39608448.43104095
completed,1941-08-01,1952-11-26,4135,1000877883,565400000,39219352.80710081
completed,1941-09-01,1952-12-08,4116,1001103533,562600000,38862714.79639945
completed,1941-10-01,1952-12-12,4090,1002110749,559200000,38483514.24983835
completed,1941-11-01,1952-12-22,4069,1001525193,556000000,38080807.26646829
completed,1941-12-01,1952-12-30,4047,1003924698,553600000,37755723.89803644
completed,1942-01-01,1954-01-15,4397,1001257224,601600000,39373072.12234343
completed,1942-02-01,1954-01-20,4371,1002355527,598000000,38926428.25654215
completed,1942-03-01,1954-01-26,4349,1005538357,595200000,38541140.55370948
completed,1942-04-01,1954-02-05,4328,1001109705,592400000,38065009.247142814
completed,1942-05-01,1954-03-10,4331,1001605222,592600000,37696846.92240582
completed,1942-06-01,1954-03-31,4321,1004311682,591400000,37279571.108009405
completed,1942-07-01,1954-04-02,4293,1000394190,587400000,36765682.75371824
completed,1942-08-01,1954-04-12,4272,1000151537,584000000,36276805.8489114
completed,1942-09-01,1954-04-15,4244,1000515136,580400000,35809416.63883681
completed,1942-10-01,1954-04-30,4229,1000332354,578200000,35397464.76868212
completed,1942-11-01,1954-05-07,4205,1002223747,575000000,34981631.66373088
completed,1942-12-01,1954-05-21,4189,1005097888,573400000,34670503.23106839
completed,1943-01-01,1954-06-23,4191,1000914629,573400000,34360269.957656525
completed,1943-02-01,1954-06-29,4166,1000354817,570200000,33990989.3906733
completed,1943-03-01,1954-07-06,4145,1007732774,567400000,33680908.25047378
completed,1943-04-01,1954-07-09,4117,1003210958,563400000,33285036.23638949
completed,1943-05-01,1954-07-26,4104,1000953887,561400000,32991229.000869
completed,1943-06-01,1954-07-29,4076,1002780946,558000000,32674516.56372141
completed,1943-07-01,1954-08-02,4050,1001699248,554000000,32323305.86815414
completed,1943-08-01,1954-08-20,4037,1001040172,552600000,32074341.69982471
completed,1943-09-01,1954-09-16,4033,1000954540,551800000,31816737.82010094
completed,1943-10-01,1954-09-21,4008,1000915296,548200000,31485223.79791868
completed,1943-11-01,1954-09-23,3979,1002749584,544600000,31160645.8824188
completed,1943-12-01,1954-09-27,3953,1003143456,541200000,30837488.086958274
completed,1944-01-01,1954-11-04,3960,1004432972,542000000,30604295.33388816
completed,1944-02-01,1954-11-09,3934,1003384327,538400000,30268002.024220623
completed,1944-03-01,1954-11-11,3907,1002093098,534800000,29940037.90557247
completed,1944-04-01,1954-11-23,3888,1007537684,531800000,29607338.047289114
completed,1944-05-01,1954-11-24,3859,1002414610,528200000,29293237.31808657
completed,1944-06-01,1954-12-06,3840,1007007958,525200000,28970311.163290165
completed,1944-07-01,1954-12-16,3820,1001415211,522400000,28669201.57953672
completed,1944-08-01,1954-12-17,3790,1018949298,518600000,28367186.955633115
completed,1944-09-01,1954-12-17,3759,1006059794,514000000,28008347.72063586
completed,1944-10-01,1955-01-03,3746,1019699980,512000000,27746938.250143167
completed,1944-11-01,1955-01-03,3715,1007729637,507800000,27421214.6253342
completed,1944-12-01,1955-02-04,3717,1006924154,508600000,27243619.62922916
completed,1945-01-01,1955-02-11,3693,1001750405,505600000,26965016.1872449
completed,1945-02-01,1955-03-04,3683,1002330982,504000000,26714578.432836805
completed,1945-03-01,1955-04-12,3694,1001701628,505600000,26598556.24747224
completed,1945-04-01,1955-04-18,3669,1007196047,502200000,26318161.684446543
completed,1945-05-01,1955-06-03,3685,1005224769,504600000,26198196.40584132
completed,1945-06-01,1955-06-06,3657,1028216552,500400000,25906187.400015354
completed,1945-07-01,1955-06-06,3627,1017166080,496200000,25627767.8433345
completed,1945-08-01,1955-06-06,3596,1005885726,492000000,25343556.35483319
completed,1945-09-01,1955-06-07,3566,1001602798,488000000,25065135.72406907
completed,1945-10-01,1955-06-21,3550,1007705853,486200000,24875485.141603563
completed,1945-11-01,1955-06-23,3521,1003205113,482200000,24618530.39709463
completed,1945-12-01,1955-06-27,3495,1000372371,478800000,24405277.460517924
completed,1946-01-01,1955-07-05,3472,1009322188,476000000,24210175.415579863
completed,1946-02-01,1955-07-06,3442,1035057862,471800000,23970770.31610533
completed,1946-03-01,1955-07-06,3414,1026403708,468200000,23770349.88883116
completed,1946-04-01,1955-07-06,3383,1016049976,464000000,23530569.16158976
completed,1946-05-01,1955-07-06,3353,1006324977,459800000,23305349.172782376
completed,1946-06-01,1955-07-25,3341,1005746685,458000000,23131248.52585144
completed,1946-07-01,1955-07-27,3313,1003201167,454400000,22925073.420605097
completed,1946-08-01,1955-09-06,3323,1000561959,455600000,22812629.657986566
completed,1946-09-01,1955-09-13,3299,1011877653,452200000,22586555.280427832
completed,1946-10-01,1955-09-14,3270,1004416245,448400000,22325321.207808595
completed,1946-11-01,1955-09-21,3246,1000188672,444800000,22035441.61739431
completed,1946-12-01,1955-11-14,3270,1019265239,448600000,21962190.029701386
completed,1947-01-01,1955-11-14,3239,1006368783,444400000,21684309.0584638
completed,1947-02-01,1956-03-05,3320,1001072595,455200000,21734098.42778414
completed,1947-03-01,1956-03-09,3296,1004542998,452200000,21510556.246698026
completed,1947-04-01,1956-03-12,3268,1000929014,448200000,21237619.1985527
completed,1947-05-01,1956-03-15,3241,1005987967,444600000,20962448.958769783
completed,1947-06-01,1956-03-19,3214,1004711864,440800000,20677338.226539712
completed,1947-07-01,1956-07-10,3297,1005997931,452200000,20725132.0671484
completed,1947-08-01,1956-07-16,3272,1005524206,448600000,20462438.488380726
completed,1947-09-01,1956-07-26,3251,1000638981,446000000,20223099.87044071
completed,1947-10-01,1957-06-10,3540,1000806881,485400000,20893670.97503159
completed,1947-11-01,1957-07-03,3532,1002160839,484400000,20680166.333450023
completed,1947-12-01,1957-07-08,3507,1000772826,481400000,20465701.13566956
completed,1948-01-01,1958-07-25,3858,1005703102,530200000,21411604.87493472
completed,1948-02-01,1958-08-01,3834,1004389410,527000000,21149491.8621297
completed,1948-03-01,1958-08-04,3808,1001860519,523600000,20898217.366942268
completed,1948-04-01,1958-09-09,3813,1002859960,524200000,20694593.10114849
completed,1948-05-01,1958-09-15,3789,1000021916,520600000,20425284.66154516
completed,1948-06-01,1958-09-23,3766,1001214747,517800000,20202072.77822641
completed,1948-07-01,1958-10-02,3745,1001824889,514800000,19968605.333011203
completed,1948-08-01,1958-10-06,3718,1007130648,511000000,19720592.29632236
completed,1948-09-01,1958-10-10,3691,1000058052,507400000,19460168.748795483
completed,1948-10-01,1958-11-05,3687,1002098298,506600000,19260009.958081603
completed,1948-11-01,1958-11-10,3661,1000105328,503200000,19024259.632118363
completed,1948-12-01,1958-11-17,3638,1000626229,500400000,18794631.70079464
completed,1949-01-01,1958-12-17,3637,1001361203,500000000,18571239.61734251
completed,1949-02-01,1958-12-29,3618,1002801005,497000000,18319345.43168241
completed,1949-03-01,1959-01-02,3594,1001969711,493800000,18073047.07278216
completed,1949-04-01,1959-03-03,3623,1007602440,497400000,17912932.281451534
completed,1949-05-01,1959-03-12,3602,1000072290,494800000,17669122.36646271
completed,1949-06-01,1959-04-16,3606,1003300819,495400000,17469977.704640176
completed,1949-07-01,1959-05-14,3604,1005371320,495000000,17224110.63407491
completed,1949-08-01,1959-07-01,3621,1006666037,497800000,17070816.015662495
completed,1949-09-01,1959-07-06,3595,1000726023,493600000,16776630.176684694
completed,1949-10-01,1959-07-29,3588,1004008896,492800000,16562337.729841726
completed,1949-11-01,1960-01-05,3717,1007690278,510600000,16686376.8083509
completed,1949-12-01,1960-12-28,4045,1001895635,556400000,17339834.774387866
completed,1950-01-01,1961-01-05,4022,1001727331,553200000,17103078.91052642
completed,1950-02-01,1961-01-12,3998,1000796993,550000000,16871156.335296623
completed,1950-03-01,1961-01-20,3978,1000244243,547600000,16681858.916278215
completed,1950-04-01,1961-01-27,3954,1006366180,544000000,16433150.682477985
completed,1950-05-01,1961-01-30,3927,1005365479,540400000,16223422.031776296
completed,1950-06-01,1961-02-21,3918,1000028514,539200000,16036377.45340561
completed,1950-07-01,1961-02-27,3894,1000829481,535400000,15810892.524869986
completed,1950-08-01,1961-03-16,3880,1003059140,534000000,15621541.133642511
completed,1950-09-01,1961-03-30,3863,1002113253,531400000,15402909.382038612
completed,1950-10-01,1961-04-07,3841,1003151354,528400000,15208480.438310198
completed,1950-11-01,1961-04-17,3820,1031226621,525400000,15014947.889491206
completed,1950-12-01,1961-04-17,3790,1017348544,521400000,14812879.21064171
completed,1951-01-01,1961-04-17,3759,1003430442,517400000,14610227.754886976
completed,1951-02-01,1961-08-18,3851,1001331020,530200000,14662922.909222482
completed,1951-03-01,1961-10-19,3885,1001182307,535200000,14626477.005880447
completed,1951-04-01,1961-11-03,3869,1004834025,533200000,14464286.90351263
completed,1951-05-01,1961-11-08,3844,1011882748,529400000,14278011.92995566
completed,1951-06-01,1961-11-10,3815,1000873864,525400000,14082930.41931052
completed,1951-07-01,1961-12-04,3809,1003085848,524200000,13929812.817756088
completed,1951-08-01,1963-04-04,4264,1004503340,587200000,14804765.949682305
completed,1951-09-01,1963-04-08,4237,1001053998,583000000,14609662.0244081
completed,1951-10-01,1963-04-19,4218,1001833299,580800000,14471085.596311502
completed,1951-11-01,1963-05-01,4199,1000969289,578000000,14305692.087884888
completed,1951-12-01,1963-05-31,4199,1005236674,578400000,14198257.507788291
completed,1952-01-01,1963-08-12,4241,1000338865,584400000,14171113.793361288
completed,1952-02-01,1963-08-16,4214,1000886219,580800000,14000367.142439246
completed,1952-03-01,1963-08-29,4198,1000504469,578800000,13865083.33619499
completed,1952-04-01,1963-09-05,4174,1000076424,575400000,13699677.045232745
completed,1952-05-01,1963-10-25,4194,1008131676,578400000,13621559.914409306
completed,1952-06-01,1963-10-28,4166,1001552423,574400000,13447266.15241271
completed,1952-07-01,1963-12-31,4200,1004463502,578600000,13389276.767449455
completed,1952-08-01,1964-01-06,4175,1000491456,574800000,13221771.94499544
completed,1952-09-01,1964-01-15,4153,1001941094,572000000,13073344.310916388
completed,1952-10-01,1964-02-11,4150,1001676153,571600000,12953266.873741215
completed,1952-11-01,1964-03-03,4140,1001833561,570000000,12807895.016892787
completed,1952-12-01,1964-03-11,4118,1001665338,567800000,12687338.521983692
completed,1953-01-01,1964-04-02,4109,1000733041,566400000,12556249.420049224
completed,1953-02-01,1964-04-17,4093,1000698885,564400000,12423325.238305364
completed,1953-03-01,1964-05-12,4090,1000425261,564200000,12326579.747634886
completed,1953-04-01,1964-06-30,4108,1000039403,566600000,12241882.466862377
completed,1953-05-01,1964-07-06,4084,1002329465,563000000,12079168.830303472
completed,1953-06-01,1964-07-17,4064,1002378362,560600000,11931655.02893752
completed,1953-07-01,1964-09-28,4107,1000300677,566200000,11868778.946285402
completed,1953-08-01,1964-11-05,4114,1000040971,567000000,11743082.719201265
completed,1953-09-01,1964-11-20,4098,1000549352,565000000,11596538.756420655
completed,1953-10-01,1965-01-25,4134,1000404211,569400000,11517432.65347139
completed,1953-11-01,1965-04-09,4177,1003808690,575800000,11464238.385225313
completed,1953-12-01,1965-04-19,4157,1002697876,573200000,11328639.180681244
completed,1954-01-01,1965-05-04,4141,1000377395,571000000,11176152.085586922
completed,1954-02-01,1965-09-10,4239,1000574478,585000000,11227271.597728273
completed,1954-03-01,1965-09-22,4223,1001355521,582800000,11099041.351882068
completed,1954-04-01,1965-10-11,4211,1000930093,580800000,10954690.381737651
completed,1954-05-01,1965-10-27,4197,1001766889,579000000,10828741.410776746
completed,1954-06-01,1966-01-05,4236,1002011429,584400000,10791722.682661384
completed,1954-07-01,1966-01-18,4219,1001417049,581800000,10659042.907256912
completed,1954-08-01,1967-03-16,4610,1009769979,636000000,11208458.474388763
completed,1954-09-01,1967-03-23,4586,1007281123,632600000,11076326.161448898
completed,1954-10-01,1967-04-18,4582,1008669377,631800000,10980506.925177597
completed,1954-11-01,1967-04-21,4554,1002052947,628200000,10856477.94771734
completed,1954-12-01,1967-04-25,4528,1000106269,624600000,10741126.177602615
completed,1955-01-01,1967-05-04,4506,1002653299,621600000,10630336.080475114
completed,1955-02-01,1967-07-26,4558,1000435070,628800000,10636137.482217465
completed,1955-03-01,1967-08-01,4536,1005323160,625800000,10541293.163450047
completed,1955-04-01,1967-09-13,4548,1005854862,627200000,10478746.568823146
completed,1955-05-01,1967-09-18,4523,1001885998,623800000,10379011.795155346
completed,1955-06-01,1967-09-25,4499,1002995782,620600000,10277649.58632205
completed,1955-07-01,1968-04-10,4667,1000414061,643200000,10456925.709610244
completed,1955-08-01,1968-04-11,4637,1000560552,639400000,10365280.871012695
completed,1955-09-01,1968-04-29,4624,1007093140,637000000,10279607.3348134
completed,1955-10-01,1968-05-02,4597,1004728672,633400000,10190979.945569728
completed,1955-11-01,1968-06-03,4598,1013312848,633400000,10134142.099958448
completed,1955-12-01,1968-06-03,4568,1004408313,629400000,10045087.848881291
completed,1956-01-01,1968-06-06,4540,1002326619,625800000,9958535.516903242
completed,1956-02-01,1968-06-10,4513,1000645203,622000000,9867322.3964649
completed,1956-03-01,1968-07-09,4513,1002781021,621200000,9809067.70909898
completed,1956-04-01,1968-09-23,4558,1002668152,625600000,9807004.817068426
completed,1956-05-01,1968-10-01,4536,1000759999,622400000,9729340.75676256
completed,1956-06-01,1968-10-08,4512,1000305851,618800000,9642431.758197796
completed,1956-07-01,1968-10-18,4492,1002416681,615800000,9563219.627301237
completed,1956-08-01,1968-11-14,4488,1000025204,614600000,9505943.27523955
completed,1956-09-01,1968-11-22,4465,1001391426,611000000,9420427.074009037
completed,1956-10-01,1968-11-26,4439,1002122047,607600000,9342924.000939636
completed,1956-11-01,1968-11-29,4411,1002112564,603400000,9247139.771817552
completed,1956-12-01,1971-02-03,5177,1001935411,708400000,10368782.39462667
completed,1957-01-01,1971-02-08,5151,1003066989,705200000,10293145.416282063
completed,1957-02-01,1971-02-12,5124,1004422494,701600000,10204434.568133935
completed,1957-03-01,1971-03-05,5117,1004028146,700600000,10145797.868203528
completed,1957-04-01,1971-03-09,5090,1000012840,696800000,10054422.382165777
completed,1957-05-01,1971-03-15,5066,1003997738,693400000,9969196.187804338
completed,1957-06-01,1971-04-06,5057,1005655840,692200000,9906963.06834833
completed,1957-07-01,1971-04-07,5028,1001941528,688400000,9824882.321386077
completed,1957-08-01,1971-04-12,5002,1001854425,684400000,9738087.624705393
completed,1957-09-01,1971-04-19,4978,1003873366,681000000,9651700.28589904
completed,1957-10-01,1971-04-27,4956,1001169538,678200000,9572326.00875298
completed,1957-11-01,1971-12-29,5171,1002565011,707800000,9808874.094089592
completed,1957-12-01,1972-01-05,5148,1002203160,705000000,9724463.227932569
completed,1958-01-01,1972-01-18,5130,1002798904,702600000,9637663.383843591
completed,1958-02-01,1972-02-04,5116,1002011894,700800000,9555711.28265228
completed,1958-03-01,1972-02-16,5100,1000641483,698400000,9473977.037631333
completed,1958-04-01,1972-02-29,5082,1000623939,695800000,9389358.535327308
completed,1958-05-01,1972-03-03,5055,1003378338,692200000,9295704.274862844
completed,1958-06-01,1972-03-06,5027,1000841291,688200000,9201446.34695537
completed,1958-07-01,1972-04-06,5028,1002021706,688400000,9148376.840438358
completed,1958-08-01,1972-05-23,5044,1000519488,690600000,9113859.511710277
completed,1958-09-01,1972-08-03,5085,1004303071,696400000,9118422.741913484
completed,1958-10-01,1972-08-08,5060,1000424346,692800000,9038073.25028162
completed,1958-11-01,1972-08-11,5032,1002309805,688800000,8953191.888388157
completed,1958-12-01,1972-08-14,5005,1000168938,685400000,8886440.79571607
completed,1959-01-01,1972-11-01,5053,1003862962,692400000,8909762.849440923
completed,1959-02-01,1972-11-02,5023,1000502054,688400000,8836015.435794346
completed,1959-03-01,1972-11-03,4996,1001526777,684800000,8768401.05740516
completed,1959-04-01,1972-11-14,4976,1000539911,681800000,8704131.68542747
completed,1959-05-01,1972-11-21,4953,1003557570,678400000,8635724.801242707
completed,1959-06-01,1972-11-22,4923,1001249564,674400000,8565008.957010916
completed,1959-07-01,1972-12-04,4905,1001091461,671400000,8500394.72808813
completed,1959-08-01,1972-12-07,4877,1000013213,667600000,8431814.75886692
completed,1959-09-01,1973-01-03,4873,1002990556,666600000,8388312.754913608
completed,1959-10-01,1973-01-11,4851,1000962295,663600000,8324703.197360863
completed,1959-11-01,1976-01-30,5934,1004743175,813400000,9961760.5159648
completed,1959-12-01,1976-02-03,5908,1001613269,810000000,9899320.709094817
completed,1960-01-01,1976-02-04,5878,1001446626,805800000,9826774.47563836
completed,1960-02-01,1976-03-23,5895,1004352258,808400000,9823476.899053054
completed,1960-03-01,1976-03-24,5867,1008726420,804600000,9753688.26060605
completed,1960-04-01,1976-03-24,5836,1000077543,800000000,9670059.586343355
completed,1960-05-01,1976-06-17,5891,1006534251,807800000,9714643.781725148
completed,1960-06-01,1976-06-18,5861,1000298199,803800000,9640499.034657637
completed,1960-07-01,1976-07-09,5852,1006822391,802200000,9590611.18545117
completed,1960-08-01,1976-07-12,5824,1008257248,798400000,9520842.5842811
completed,1960-09-01,1976-07-14,5795,1000506103,794200000,9443191.429074872
completed,1960-10-01,1976-09-17,5830,1004798941,799200000,9455151.69216424
completed,1960-11-01,1976-09-21,5803,1011523773,795400000,9380726.651422476
completed,1960-12-01,1976-09-21,5773,1003749104,791400000,9308625.478959251
completed,1961-01-01,1976-12-30,5842,1001334192,801000000,9368770.77437538
completed,1961-02-01,1978-06-05,6333,1004242710,868800000,10047451.135310387
completed,1961-03-01,1978-06-06,6306,1002028201,865200000,9988319.393597988
completed,1961-04-01,1978-07-31,6330,1006579912,868400000,9997813.992838778
completed,1961-05-01,1978-07-31,6300,1000471093,864400000,9937138.389798434
completed,1961-06-01,1978-08-02,6271,1016634086,860600000,9877906.197080184
completed,1961-07-01,1978-08-02,6241,1009727062,856200000,9810795.591484113
completed,1961-08-01,1978-08-02,6210,1003435307,852200000,9749663.108026266
completed,1961-09-01,1978-08-03,6180,1002363580,847800000,9683736.462413795
completed,1961-10-01,1978-08-04,6151,1000349826,844000000,9626153.2482136
completed,1961-11-01,1978-08-16,6132,1002207730,841200000,9576757.872944323
completed,1961-12-01,1978-08-17,6103,1000611039,837400000,9522373.62128409
completed,1962-01-01,1978-09-06,6092,1000219631,836000000,9491551.144266522
completed,1962-02-01,1978-09-08,6063,1007201142,832000000,9431605.325405478
completed,1962-03-01,1978-09-08,6035,1001422095,828200000,9377489.339960176
completed,1962-04-01,1979-06-29,6298,1000808599,864600000,9725085.612866435
completed,1962-05-01,1979-07-06,6275,1002430603,861400000,9674103.206359936
completed,1962-06-01,1979-07-09,6247,1003541333,857200000,9606023.9691106
completed,1962-07-01,1979-08-07,6246,1011193224,857200000,9571161.4347083
completed,1962-08-01,1979-08-07,6215,1003403233,853000000,9497427.493086766
completed,1962-09-01,1979-08-10,6187,1002764787,849000000,9424480.906571647
completed,1962-10-01,1979-08-13,6160,1005537248,845400000,9360801.223499406
completed,1962-11-01,1979-08-15,6131,1004839809,841200000,9282584.844914583
completed,1962-12-01,1979-08-20,6106,1003571349,837800000,9221458.523074156
completed,1963-01-01,1979-08-27,6082,1000460233,834800000,9166760.519001069
completed,1963-02-01,1979-09-20,6075,1009014734,833800000,9130528.602229042
completed,1963-03-01,1979-09-20,6047,1002644142,830000000,9072881.40782671
completed,1963-04-01,1979-10-05,6031,1004651037,828000000,9028948.188393686
completed,1963-05-01,1980-01-14,6102,1004142580,837400000,9097142.66562392
completed,1963-06-01,1980-01-15,6072,1004284166,833200000,9036208.161973177
completed,1963-07-01,1980-01-21,6048,1007369206,830000000,8986344.551902533
completed,1963-08-01,1980-01-21,6017,1000227565,825600000,8922636.778467875
completed,1963-09-01,1980-01-23,5988,1005554165,821600000,8864193.829650281
completed,1963-10-01,1980-01-24,5959,1001815604,817800000,8811043.369497377
completed,1963-11-01,1980-01-28,5932,1005114688,813600000,8751542.936845055
completed,1963-12-01,1980-01-30,5904,1002868168,810400000,8705453.078732023
completed,1964-01-01,1980-02-06,5880,1001850368,807200000,8657538.5373516
completed,1964-02-01,1980-02-07,5850,1000206084,803000000,8601703.584149042
completed,1964-03-01,1980-02-08,5822,1008979235,799400000,8554296.407675851
completed,1964-04-01,1980-02-08,5791,1002692321,795200000,8500994.885399908
completed,1964-05-01,1980-02-13,5766,1000941531,791400000,8451042.847784657
completed,1964-06-01,1980-06-25,5868,1000547097,805800000,8572199.185665336
completed,1964-07-01,1980-07-03,5846,1001666693,802600000,8527726.05067214
completed,1964-08-01,1980-07-07,5819,1002690549,798400000,8476545.276023865
completed,1964-09-01,1980-07-14,5795,1012139263,795200000,8433790.90318977
completed,1964-10-01,1980-07-14,5765,1006095863,791000000,8383433.436998017
completed,1964-11-01,1980-07-17,5737,1012393190,787200000,8336570.931433368
completed,1964-12-01,1980-07-17,5707,1006991783,783400000,8292092.94311453
completed,1965-01-01,1980-07-17,5676,1000627471,779000000,8239685.891678258
completed,1965-02-01,1980-07-18,5646,1000102018,775200000,8194870.618767209
completed,1965-03-01,1980-08-07,5638,1007861370,774200000,8174057.956117477
completed,1965-04-01,1980-08-07,5607,1001329468,769600000,8121082.27575449
completed,1965-05-01,1980-08-11,5581,1007792143,765800000,8076551.940256725
completed,1965-06-01,1980-08-11,5550,1002201275,761800000,8031746.145246171
completed,1965-07-01,1980-08-14,5523,1000102745,758000000,7984852.256133677
completed,1965-08-01,1980-08-22,5500,1001231656,755000000,7945022.064579329
completed,1965-09-01,1980-09-16,5494,1003758708,753800000,7919825.816072488
completed,1965-10-01,1980-09-17,5465,1014771544,749800000,7874381.809587623
completed,1965-11-01,1980-09-17,5434,1008849009,745600000,7828424.372257517
completed,1965-12-01,1980-09-17,5404,1003254782,741600000,7785014.520152125
completed,1966-01-01,1980-09-19,5375,1000414907,737600000,7740154.022234172
completed,1966-02-01,1980-09-22,5347,1003646816,733600000,7696678.394935569
completed,1966-03-01,1980-10-06,5333,1010540594,731800000,7671302.099219394
completed,1966-04-01,1980-10-06,5302,1003722336,727200000,7619542.750493195
completed,1966-05-01,1980-10-13,5279,1001248555,724200000,7583492.868026318
completed,1966-06-01,1980-10-15,5250,1007842277,720400000,7538087.511985216
completed,1966-07-01,1980-10-15,5220,1001006112,716000000,7486956.883368325
completed,1966-08-01,1980-11-12,5217,1005329924,715800000,7469573.927318083
completed,1966-09-01,1980-11-13,5187,1011927291,711400000,7413929.621961469
completed,1966-10-01,1980-11-13,5157,1004558639,707200000,7359942.872900628
completed,1966-11-01,1980-11-14,5127,1002141923,703200000,7306904.611758111
completed,1966-12-01,1980-11-18,5101,1014277659,699600000,7260398.577060238
completed,1967-01-01,1980-11-18,5070,1007062305,695400000,7208749.656705426
completed,1967-02-01,1980-11-18,5039,1000110650,691200000,7158988.346490571
completed,1967-03-01,1980-11-28,5021,1001278682,688800000,7125524.149612142
completed,1967-04-01,1982-10-07,5668,1010532464,778200000,7845748.7617885
completed,1967-05-01,1982-10-07,5638,1004866223,774200000,7801756.210383384
completed,1967-06-01,1982-10-08,5608,1016390898,770000000,7755748.764326894
completed,1967-07-01,1982-10-08,5578,1010083617,765600000,7707619.95009205
completed,1967-08-01,1982-10-08,5547,1004445577,761600000,7664597.900403775
completed,1967-09-01,1982-10-11,5519,1024311573,757200000,7617398.424944602
completed,1967-10-01,1982-10-11,5489,1018696689,753200000,7575642.761671253
completed,1967-11-01,1982-10-11,5458,1012509351,748800000,7529629.987281693
completed,1967-12-01,1982-10-11,5428,1006703752,744800000,7486456.049342336
completed,1968-01-01,1982-10-11,5397,1001059706,740800000,7444483.522988221
completed,1968-02-01,1982-10-13,5368,1011808006,736800000,7401126.140913376
completed,1968-03-01,1982-10-13,5339,1006084408,733000000,7359259.430653025
completed,1968-04-01,1982-10-18,5313,1000393333,729400000,7316560.834226162
completed,1968-05-01,1982-10-20,5285,1013267264,725800000,7277650.600707392
completed,1968-06-01,1982-10-20,5254,1007007181,721400000,7232688.432956059
completed,1968-07-01,1982-10-20,5224,1002300715,718000000,7198884.897698833
completed,1968-08-01,1982-11-03,5207,1025755625,716600000,7179643.465235015
completed,1968-09-01,1982-11-03,5176,1020513055,713000000,7142948.771666818
completed,1968-10-01,1982-11-03,5146,1015719325,709600000,7109395.683436108
completed,1968-11-01,1982-11-03,5115,1010761999,706000000,7074697.522161394
completed,1968-12-01,1982-11-03,5085,1006152270,702600000,7042432.320776925
completed,1969-01-01,1982-11-03,5054,1001320895,699000000,7008615.74013695
completed,1969-02-01,1983-01-06,5087,1021076076,703400000,7028815.644082743
completed,1969-03-01,1983-01-06,5059,1015918998,699800000,6993315.689529656
completed,1969-04-01,1983-01-06,5028,1010067025,695800000,6953032.271963663
completed,1969-05-01,1983-01-06,4998,1004041365,691600000,6911553.23157528
completed,1969-06-01,1983-01-10,4971,1008987223,687800000,6874146.551506558
completed,1969-07-01,1983-01-10,4941,1002764394,683600000,6831750.925439794
completed,1969-08-01,1983-02-07,4938,1001329228,683400000,6815009.022820759
completed,1969-09-01,1983-02-11,4911,1000457663,680000000,6775873.376524343
completed,1969-10-01,1983-02-14,4884,1002711567,676000000,6732771.201549578
completed,1969-11-01,1983-02-24,4863,1001434142,672800000,6694078.227166535
completed,1969-12-01,1983-03-01,4838,1004646150,669600000,6658577.128661888
completed,1970-01-01,1983-03-02,4808,1006946315,665400000,6611597.476802233
completed,1970-02-01,1983-03-03,4778,1007806729,661400000,6566371.874933494
completed,1970-03-01,1983-03-03,4750,1001114564,657600000,6522769.031288181
completed,1970-04-01,1983-04-11,4758,1009898798,658600000,6509596.528839954
completed,1970-05-01,1983-04-11,4728,1001947469,654200000,6458343.921407465
completed,1970-06-01,1983-04-13,4699,1004202840,650400000,6405580.245654813
completed,1970-07-01,1983-04-14,4670,1003841260,646200000,6348604.17455249
completed,1970-08-01,1983-04-18,4643,1005236454,642200000,6292953.691656362
completed,1970-09-01,1983-04-20,4614,1003073759,638400000,6241514.008044407
completed,1970-10-01,1983-04-26,4590,1002495928,635000000,6195512.889468296
completed,1970-11-01,1983-04-28,4561,1001460999,631000000,6145817.847140429
completed,1970-12-01,1983-04-29,4532,1002952690,627200000,6099572.66314351
completed,1971-01-01,1983-05-06,4508,1006037342,623800000,6056817.012828857
completed,1971-02-01,1983-05-25,4496,1002221641,622400000,6029851.386986861
completed,1971-03-01,1983-06-15,4489,1004024634,621400000,6007806.751719338
completed,1971-04-01,1983-06-16,4459,1008547545,617000000,5962797.395330967
completed,1971-05-01,1983-06-16,4429,1001652784,612800000,5922033.763324292
completed,1971-06-01,1983-06-21,4403,1003775477,609400000,5886210.541860085
completed,1971-07-01,1983-07-26,4408,1001128270,609800000,5870687.130472493
completed,1971-08-01,1983-09-26,4439,1000105933,614200000,5880554.431771093
completed,1971-09-01,1983-10-10,4422,1009511790,611800000,5847157.981746543
completed,1971-10-01,1983-10-10,4392,1002215562,607600000,5804897.755274654
completed,1971-11-01,1984-08-21,4677,1013092767,647200000,6036422.307359286
completed,1971-12-01,1984-08-21,4647,1005493634,643000000,5991143.553375135
completed,1972-01-01,1984-09-13,4639,1001934530,641800000,5966026.664916053
completed,1972-02-01,1984-09-14,4609,1000283304,637800000,5926551.193344597
completed,1972-03-01,1984-11-05,4632,1000021708,641000000,5932030.469551003
completed,1972-04-01,1984-11-06,4602,1004114461,636800000,5892344.5674145855
completed,1972-05-01,1985-01-14,4641,1007929700,642000000,5911264.619748491
completed,1972-06-01,1985-01-14,4610,1000958008,637600000,5870377.324513692
completed,1972-07-01,1985-01-21,4587,1022547190,634200000,5835457.476208205
completed,1972-08-01,1985-01-21,4556,1016008721,630200000,5798143.839976777
completed,1972-09-01,1985-01-21,4525,1008746857,625600000,5756701.93627171
completed,1972-10-01,1985-01-21,4495,1002338719,621600000,5720132.067792958
completed,1972-11-01,1985-01-23,4466,1007460287,617600000,5682235.03003564
completed,1972-12-01,1985-01-23,4436,1001294937,613600000,5647461.481834779
completed,1973-01-01,1985-01-29,4411,1006923548,610600000,5619620.423295662
completed,1973-02-01,1985-01-29,4380,1000567822,606400000,5584149.247005692
completed,1973-03-01,1985-02-04,4358,1001901207,603400000,5555315.632749065
completed,1973-04-01,1985-02-07,4330,1003552086,599600000,5519481.069324442
completed,1973-05-01,1985-02-13,4306,1006152028,596400000,5487602.921966828
completed,1973-06-01,1985-03-01,4291,1000196675,594200000,5458695.067359545
completed,1973-07-01,1985-04-25,4316,1001683470,597600000,5460848.870384493
completed,1973-08-01,1985-05-10,4300,1001251025,595600000,5433313.602654437
completed,1973-09-01,1985-05-16,4275,1001322619,591800000,5393313.573015383
completed,1973-10-01,1985-05-17,4246,1004268548,588200000,5358385.227812478
completed,1973-11-01,1985-05-20,4218,1008847293,583800000,5317558.972763964
completed,1973-12-01,1985-05-20,4188,1001026395,579600000,5276335.59982366
completed,1974-01-01,1985-06-06,4174,1002457465,578000000,5246820.243654551
completed,1974-02-01,1985-06-28,4165,1001072286,576800000,5217994.554557316
completed,1974-03-01,1985-07-11,4150,1000518565,574600000,5185646.080377554
completed,1974-04-01,1985-07-16,4124,1001957390,571000000,5145631.599428385
completed,1974-05-01,1985-11-08,4209,1004741595,583000000,5186566.126205311
completed,1974-06-01,1985-11-11,4181,1013720624,578800000,5138486.567541029
completed,1974-07-01,1985-11-11,4151,1004926875,574800000,5093911.603017644
completed,1974-08-01,1985-11-14,4123,1004016311,571000000,5043787.408286037
completed,1974-09-01,1985-11-21,4099,1005194009,567600000,4990784.915652652
completed,1974-10-01,1985-12-04,4082,1008885669,565200000,4939948.536248474
completed,1974-11-01,1985-12-11,4058,1006459058,561600000,4878382.376442449
completed,1974-12-01,1985-12-13,4030,1012848315,558000000,4824465.58779768
completed,1975-01-01,1985-12-16,4002,1009804900,554000000,4762781.252372707
completed,1975-02-01,1986-01-07,3993,1008156604,552400000,4715419.038760282
completed,1975-03-01,1986-02-03,3992,1002668733,552400000,4686243.691760408
completed,1975-04-01,1986-02-10,3968,1004044621,549400000,4643195.515703033
completed,1975-05-01,1986-02-14,3942,1009776270,545800000,4594904.866920994
completed,1975-06-01,1986-02-18,3915,1011965387,541800000,4549181.394024082
completed,1975-07-01,1986-02-18,3885,1001850594,537600000,4503711.430072356
completed,1975-08-01,1986-02-21,3857,1001536320,533800000,4458803.055995499
completed,1975-09-01,1986-02-27,3832,1000815756,530400000,4413351.586325574
completed,1975-10-01,1986-03-11,3814,1012672929,527800000,4370809.790737777
completed,1975-11-01,1986-03-11,3783,1000633796,523200000,4318847.543598248
completed,1975-12-01,1986-03-14,3756,1012248160,520000000,4279214.322138207
completed,1976-01-01,1986-03-14,3725,1000512285,515600000,4229601.660131301
completed,1976-02-01,1986-03-27,3707,1002202417,513200000,4193841.9615330384
completed,1976-03-01,1986-04-16,3698,1009365001,512000000,4167141.431639482
completed,1976-04-01,1986-04-17,3668,1001879326,507600000,4122451.263880112
completed,1976-05-01,1986-05-27,3678,1004426001,508800000,4103885.603702001
completed,1976-06-01,1986-05-28,3648,1002588238,505000000,4065151.108882987
completed,1976-07-01,1986-06-25,3646,1005237822,504600000,4038235.050526712
completed,1976-08-01,1986-06-30,3620,1003442323,501000000,4000328.253127461
completed,1976-09-01,1986-07-02,3591,1000517691,497000000,3959310.261454284
completed,1976-10-01,1986-08-27,3617,1000989234,500600000,3951793.221038633
completed,1976-11-01,1986-12-02,3683,1007433639,509800000,3966274.1704738415
completed,1976-12-01,1987-01-07,3689,1007539461,510600000,3946028.486776899
completed,1977-01-01,1987-01-08,3659,1004616157,506400000,3904758.0907242177
completed,1977-02-01,1987-01-09,3629,1000009000,502400000,3865067.668486659
completed,1977-03-01,1987-01-14,3606,1005838714,499200000,3829723.793789994
completed,1977-04-01,1987-01-15,3576,1004808570,494800000,3784732.41119307
completed,1977-05-01,1987-01-19,3550,1008903552,491200000,3745836.369285365
completed,1977-06-01,1987-01-22,3522,1014979735,487600000,3705522.692310508
completed,1977-07-01,1987-01-22,3492,1002838658,483200000,3661197.633277461
completed,1977-08-01,1987-02-02,3472,1003066593,480800000,3628383.251514224
completed,1977-09-01,1987-02-04,3443,1001883299,476600000,3582760.856181671
completed,1977-10-01,1987-02-17,3426,1012018168,474000000,3544846.4186183866
completed,1977-11-01,1987-03-04,3410,1012410382,472000000,3507762.456056752
completed,1977-12-01,1987-03-05,3381,1006327919,468000000,3463885.3024047813
completed,1978-01-01,1987-03-17,3362,1001601061,465400000,3424628.364257925
completed,1978-02-01,1987-03-20,3334,1007848348,461800000,3380113.037622521
completed,1978-03-01,1987-03-23,3309,1005290615,458200000,3338061.502184084
completed,1978-04-01,1987-06-12,3359,1003701213,465200000,3327701.1803098014
completed,1978-05-01,1987-06-16,3333,1001390378,461600000,3285832.609187209
completed,1978-06-01,1987-06-22,3308,1004277164,458000000,3243265.569307384
completed,1978-07-01,1987-07-16,3302,1003531680,457000000,3209247.336819364
completed,1978-08-01,1987-07-29,3284,1001830813,454800000,3173866.095248646
completed,1978-09-01,1987-08-06,3261,1009225914,451400000,3133366.2252036845
completed,1978-10-01,1987-08-10,3235,1015510308,447800000,3096068.014017136
completed,1978-11-01,1987-08-10,3204,1001142165,443400000,3052262.6986946184
completed,1978-12-01,1987-08-11,3175,1002826740,439400000,3008510.422898792
completed,1979-01-01,1987-08-25,3158,1001177485,437400000,2972882.1391228763
completed,1979-02-01,1989-04-21,3732,1002567836,516800000,3238163.769829544
completed,1979-03-01,1989-05-12,3725,1007180113,516000000,3209215.289717548
completed,1979-04-01,1989-05-15,3697,1000926454,511800000,3165885.760902304
completed,1979-05-01,1989-05-19,3671,1005227184,508600000,3129209.364067882
completed,1979-06-01,1989-06-02,3654,1006083043,506000000,3090695.125536761
completed,1979-07-01,1989-06-23,3645,1003244425,504800000,3058672.02914438
completed,1979-08-01,1989-07-14,3635,1004277417,503400000,3026390.518748056
completed,1979-09-01,1989-07-19,3609,1002265060,499400000,2985330.557773263
completed,1979-10-01,1989-07-27,3587,1010205737,496800000,2953904.404727925
completed,1979-11-01,1989-07-31,3560,1007433288,492600000,2910983.951992366
completed,1979-12-01,1989-08-07,3537,1003977005,489400000,2873349.343625224
completed,1980-01-01,1989-08-28,3527,1001660344,488400000,2844898.6209006547
completed,1980-02-01,1989-10-03,3532,1000121434,489000000,2819546.841837705
completed,1980-03-01,1989-10-09,3509,1002795917,485800000,2787092.6931530526
completed,1980-04-01,1990-01-02,3563,1000150680,493200000,2780590.7160680364
completed,1980-05-01,1990-05-21,3672,1001395009,508400000,2797192.7627549856
completed,1980-06-01,1990-06-01,3652,1003275892,505800000,2762627.7169834287
completed,1980-07-01,1990-06-04,3625,1001715115,501800000,2726497.36568397
completed,1980-08-01,1991-02-06,3841,1000542594,531800000,2794265.298076439
completed,1980-09-01,1991-02-11,3815,1017985097,528200000,2761910.9389363625
completed,1980-10-01,1991-02-11,3785,1005745075,524000000,2728702.34613396
completed,1980-11-01,1991-03-01,3772,1000438696,522000000,2700458.0510472776
completed,1980-12-01,1991-03-05,3746,1007712633,518800000,2674964.512909955
completed,1981-01-01,1991-04-02,3743,1006503411,518200000,2652182.903288095
completed,1981-02-01,1991-04-15,3725,1000757702,515800000,2625351.3923150115
completed,1981-03-01,1991-04-16,3698,1006365444,512200000,2596268.14247192
completed,1981-04-01,1991-04-17,3668,1001010183,508000000,2563734.543562736
completed,1981-05-01,1991-08-06,3749,1005094622,519200000,2573075.202777429
completed,1981-06-01,1991-08-23,3735,1004902109,517800000,2549412.8844606224
completed,1981-07-01,1991-11-07,3781,1001411347,524000000,2543460.6954906005
completed,1981-08-01,1991-12-23,3796,1002195425,525800000,2525566.77654154
completed,1981-09-01,1991-12-26,3768,1009726184,522000000,2494136.435695708
completed,1981-10-01,1991-12-30,3742,1021069656,518200000,2459578.9842576818
completed,1981-11-01,1991-12-30,3711,1005820519,513800000,2422846.468357889
completed,1981-12-01,1992-01-03,3685,1002950048,510400000,2391734.7683594343
completed,1982-01-01,1992-05-11,3783,1004164380,523800000,2399494.384050736
completed,1982-02-01,1992-07-29,3831,1010013078,530800000,2392092.111928792
completed,1982-03-01,1992-07-30,3804,1000182582,527200000,2359366.276254096
completed,1982-04-01,1992-11-20,3886,1005276902,538600000,2356209.8131014765
completed,1982-05-01,1992-11-30,3866,1001778989,535400000,2322427.207189
completed,1982-06-01,1992-12-08,3843,1001061248,532600000,2290810.4793066094
completed,1982-07-01,1993-02-01,3868,1003486451,535600000,2267663.555481649
completed,1982-08-01,1993-02-04,3840,1002788673,532000000,2230600.316045483
completed,1982-09-01,1993-03-08,3841,1000291626,531800000,2199845.2776520383
completed,1982-10-01,1993-08-16,3972,1002312475,550000000,2215642.744181196
completed,1982-11-01,1993-08-24,3949,1005314389,547000000,2186559.397150656
completed,1982-12-01,1993-08-31,3926,1000500662,543800000,2158298.0984655824
completed,1983-01-01,1993-10-15,3940,1005023869,545800000,2140625.9196578218
completed,1983-02-01,1993-12-27,3982,1003478653,551400000,2132610.6906136405
completed,1983-03-01,1994-01-10,3968,1003288215,549600000,2110985.837839782
completed,1983-04-01,1994-01-31,3958,1005127662,548000000,2087015.8297326872
completed,1983-05-01,1994-08-26,4135,1006642599,572800000,2124615.080449402
completed,1983-06-01,1994-10-28,4167,1003401983,577400000,2117909.549556083
completed,1983-07-01,1995-02-02,4234,1002358772,586200000,2120092.9658738626
completed,1983-08-01,1995-02-03,4204,1003512606,582400000,2096547.830050242
completed,1983-09-01,1995-02-15,4185,1003746572,579400000,2071545.2873730373
completed,1983-10-01,1995-02-24,4164,1000084253,576400000,2048891.2004864465
completed,1983-11-01,1995-03-16,4153,1005474811,575000000,2029581.1622960456
completed,1983-12-01,1995-03-24,4131,1005234405,572000000,2006576.0494399336
completed,1984-01-01,1995-04-04,4111,1002298246,569200000,1983806.2424286047
completed,1984-02-01,1995-04-24,4100,1007157268,567600000,1963690.5353252743
completed,1984-03-01,1995-05-03,4080,1010234571,565000000,1940967.203801853
completed,1984-04-01,1995-05-08,4054,1002947286,561200000,1914167.5782524785
completed,1984-05-01,1995-05-23,4039,1000609035,559400000,1892977.5152811743
completed,1984-06-01,1995-06-05,4021,1000433143,556600000,1867873.7641337248
completed,1984-07-01,1995-06-19,4005,1005482519,554400000,1844177.7143265167
completed,1984-08-01,1995-06-22,3977,1001554334,550800000,1817472.0489948865
completed,1984-09-01,1995-07-12,3966,1006356531,548800000,1794213.669017925
completed,1984-10-01,1995-07-27,3951,1003420526,547200000,1775274.3680883974
completed,1984-11-01,1995-09-05,3960,1000034756,548000000,1757005.439995943
completed,1984-12-01,1995-09-13,3938,1003491017,545000000,1733833.7907189312
completed,1985-01-01,1995-09-20,3914,1004094307,542000000,1711222.920146764
completed,1985-02-01,1995-11-02,3926,1000276936,543800000,1696189.6923694385
completed,1985-03-01,1995-11-16,3912,1002672171,542000000,1678561.834762894
completed,1985-04-01,1995-11-28,3893,1005180416,539200000,1657482.721874097
completed,1985-05-01,1995-12-04,3869,1003700005,535800000,1635542.9815341283
completed,1985-06-01,1995-12-13,3847,1003407112,532800000,1613999.1138620458
completed,1985-07-01,1996-01-29,3864,1000588774,535000000,1602942.5866973149
completed,1985-08-01,1996-01-31,3835,1005370278,531000000,1580721.119933091
completed,1985-09-01,1996-02-06,3810,1007371625,527400000,1558602.5703515976
completed,1985-10-01,1996-02-08,3782,1009417540,524000000,1538582.055661943
completed,1985-11-01,1996-02-12,3755,1001750999,519800000,1514477.257223985
completed,1985-12-01,1996-05-13,3816,1001305498,528400000,1513666.434927984
completed,1986-01-01,1996-05-20,3792,1006288020,525200000,1494894.1321829949
completed,1986-02-01,1996-05-22,3763,1000227964,521200000,1474349.2072792095
completed,1986-03-01,1996-09-13,3849,1007865612,533200000,1480979.288619058
completed,1986-04-01,1996-09-16,3821,1001378530,529400000,1464046.5512271717
completed,1986-05-01,1996-10-02,3807,1005653054,527400000,1449046.901904211
completed,1986-06-01,1996-10-04,3778,1004491851,523600000,1432001.5676459875
completed,1986-07-01,1996-10-17,3761,1002117951,521200000,1417442.9142137042
completed,1986-08-01,1996-11-05,3749,1001796285,519400000,1402800.9415263531
completed,1986-09-01,1996-11-06,3719,1004226001,515400000,1385923.0243173689
completed,1986-10-01,1996-11-08,3691,1000364261,511600000,1368824.4058478123
completed,1986-11-01,1996-11-19,3671,1002915045,508400000,1351346.181297696
completed,1986-12-01,1996-11-22,3644,1000785654,505200000,1336644.292030644
completed,1987-01-01,1996-12-26,3647,1001350524,505200000,1324853.1596489018
completed,1987-02-01,1997-01-14,3635,1008859228,503400000,1312149.4783055389
completed,1987-03-01,1997-01-16,3609,1000014162,500000000,1299141.4902200173
completed,1987-04-01,1997-01-21,3583,1005688179,496200000,1284863.3192277786
completed,1987-05-01,1997-01-31,3563,1000311733,493600000,1272402.26895592
completed,1987-06-01,1997-02-12,3544,1011966794,491200000,1260593.6557484325
completed,1987-07-01,1997-02-12,3514,1000241620,486800000,1245987.7623631677
completed,1987-08-01,1997-02-13,3484,1000196607,482600000,1232042.3237693892
completed,1987-09-01,1997-05-02,3531,1002454960,489200000,1233077.476428849
completed,1987-10-01,1997-05-05,3504,1013067081,485200000,1220136.4678802555
completed,1987-11-01,1997-05-12,3480,1009668314,481800000,1205343.8712494615
completed,1987-12-01,1997-05-15,3453,1001606603,478400000,1189726.0862835916
completed,1988-01-01,1997-06-06,3444,1008161372,477000000,1174999.5459710213
completed,1988-02-01,1997-06-09,3416,1000331986,473200000,1159254.1723732497
completed,1988-03-01,1997-06-12,3390,1011066190,469800000,1144439.0974093624
completed,1988-04-01,1997-06-13,3360,1007026513,465400000,1127348.3841301245
completed,1988-05-01,1997-06-20,3337,1000459167,462400000,1113229.2803315076
completed,1988-06-01,1997-07-03,3319,1007553063,460000000,1098845.1355697492
completed,1988-07-01,1997-07-15,3301,1003631282,457000000,1084116.046594245
completed,1988-08-01,1997-07-16,3271,1001645732,453200000,1069460.1732091256
completed,1988-09-01,1997-07-30,3254,1003859198,450600000,1054152.8538712729
completed,1988-10-01,1997-10-01,3287,1001181923,455200000,1047908.1770716888
completed,1988-11-01,1997-10-06,3261,1005163853,451600000,1033385.6123119048
completed,1988-12-01,1997-10-07,3232,1000902237,447600000,1018087.5610849966
completed,1989-01-01,1998-01-29,3315,1004484543,459000000,1019274.2224818508
completed,1989-02-01,1998-02-02,3288,1006233418,455200000,1004957.102694706
completed,1989-03-01,1998-02-06,3264,1005195436,452200000,992824.8176636678
completed,1989-04-01,1998-02-12,3239,1002200113,448600000,978577.2445999078
completed,1989-05-01,1998-02-23,3220,1003367461,445800000,966504.9482479468
completed,1989-06-01,1998-02-27,3193,1000284572,442200000,953251.1913273552
completed,1989-07-01,1998-03-10,3174,1001449717,439200000,940991.043032028
completed,1989-08-01,1998-03-16,3149,1003377318,436000000,929681.450838744
completed,1989-09-01,1998-03-20,3122,1008087567,432200000,917143.5790090812
completed,1989-10-01,1998-03-24,3096,1001707795,428600000,905989.937177495
completed,1989-11-01,1998-04-02,3074,1001945210,425600000,894585.9424031615
completed,1989-12-01,1998-04-22,3064,1000038697,424000000,884567.253584689
completed,1990-01-01,1998-06-29,3101,1003675076,429400000,881584.4539422818
completed,1990-02-01,1998-07-06,3077,1006096554,425800000,869325.5965669893
completed,1990-03-01,1998-07-08,3051,1000952456,422400000,858170.1096701437
completed,1990-04-01,1998-07-16,3028,1001885733,419200000,846194.4290030233
completed,1990-05-01,1998-11-23,3128,1011637501,433400000,851396.2467479524
completed,1990-06-01,1998-11-27,3101,1000758360,429600000,839330.0487166346
completed,1990-07-01,1998-12-23,3097,1020588810,429000000,830733.0473763491
completed,1990-08-01,1998-12-23,3066,1006254739,424800000,819065.4826019905
completed,1990-09-01,1998-12-29,3041,1000435105,420800000,805626.511142386
completed,1990-10-01,1999-01-06,3019,1010718863,418000000,794377.9886226172
completed,1990-11-01,1999-01-29,3011,1000624120,416600000,781957.5104684053
completed,1990-12-01,1999-03-11,3022,1003249153,418000000,773109.7894450828
completed,1991-01-01,1999-03-18,2998,1002827571,415000000,761708.6583256619
completed,1991-02-01,1999-04-08,2988,1008431446,413400000,750332.1935032482
completed,1991-03-01,1999-04-12,2964,1005567718,410000000,740133.6012380044
completed,1991-04-01,1999-05-13,2964,1002171829,410600000,732817.4167931101
completed,1991-05-01,1999-07-01,2983,1003085741,413000000,726368.4466802311
completed,1991-06-01,1999-07-09,2960,1003966854,409600000,715442.9860995007
completed,1991-07-01,1999-07-16,2937,1001062198,406600000,705579.566948849
completed,1991-08-01,1999-11-16,3029,1003927070,419400000,706956.071859355
completed,1991-09-01,1999-12-21,3033,1002038591,419800000,699049.5200526391
completed,1991-10-01,1999-12-23,3005,1004789010,416200000,688995.0451716925
completed,1991-11-01,2000-03-17,3059,1003659837,423200000,685339.9914057341
completed,1991-12-01,2000-03-21,3033,1008723847,419600000,675242.0565300277
completed,1992-01-01,2000-03-23,3004,1015206931,415800000,664685.2049580825
completed,1992-02-01,2000-07-14,3086,1003891667,427000000,664837.7333781781
completed,1992-03-01,2000-08-31,3105,1002006679,430000000,660222.6055414074
completed,1992-04-01,2004-11-12,4608,1002003043,636400000,846164.8297176504
completed,1992-05-01,2004-12-13,4609,1005973373,636200000,839234.2649120399
completed,1992-06-01,2004-12-15,4580,1000654974,632600000,829923.1980939824
completed,1992-07-01,2005-02-16,4613,1000169147,636800000,826353.8972265571
completed,1992-08-01,2005-03-07,4601,1001987697,634800000,817742.162431309
completed,1992-09-01,2005-07-11,4696,1002844973,648000000,822381.6027092842
completed,1992-10-01,2005-07-20,4675,1004818215,645200000,813486.2819735307
completed,1992-11-01,2005-08-02,4657,1000615278,642600000,804275.5384787268
completed,1992-12-01,2005-11-17,4734,1003341077,653800000,807323.0110029939
completed,1993-01-01,2005-11-21,4707,1000795366,649800000,797541.8461653547
completed,1993-02-01,2005-11-25,4680,1000427460,646400000,788825.1213283719
completed,1993-03-01,2006-01-06,4694,1008633445,648200000,784653.9994369547
completed,1993-04-01,2006-01-11,4668,1002859428,644200000,774899.4624614008
completed,1993-05-01,2006-03-14,4700,1001642380,648400000,771990.6252013139
completed,1993-06-01,2006-04-05,4691,1003951236,647600000,765463.4107523221
completed,1993-07-01,2006-05-05,4691,1006070420,647400000,758863.1522578234
completed,1993-08-01,2006-09-05,4783,1001600602,660000000,762688.4467359994
completed,1993-09-01,2006-09-20,4767,1000081935,657800000,754676.2667166027
completed,1993-10-01,2006-10-04,4751,1008642088,655600000,747031.6436958638
completed,1993-11-01,2006-10-12,4728,1006946440,652600000,738864.3283959972
completed,1993-12-01,2006-10-23,4709,1006345298,649800000,730813.8469669299
completed,1994-01-01,2006-10-26,4681,1002643847,646000000,721804.272771963
completed,1994-02-01,2006-11-16,4671,1000963591,644800000,715096.5765779685
completed,1994-03-01,2006-12-05,4662,1002714078,643400000,708752.064605567
completed,1994-04-01,2006-12-27,4653,1000140876,641800000,700948.179285174
completed,1994-05-01,2007-01-24,4651,1000660204,641400000,694840.1887015984
completed,1994-06-01,2007-02-14,4641,1000676550,640200000,687608.4084213047
completed,1994-07-01,2007-04-16,4672,1003885960,644000000,683692.3517218685
completed,1994-08-01,2007-04-20,4645,1002489928,640800000,675373.021833699
completed,1994-09-01,2007-05-03,4627,1001599557,638000000,666670.8031834057
completed,1994-10-01,2007-05-18,4612,1003697116,636000000,659134.5372540024
completed,1994-11-01,2007-06-01,4595,1000555684,633600000,651259.2962115364
completed,1994-12-01,2007-07-13,4607,1002865481,635200000,645968.1039621127
completed,1995-01-01,2007-10-05,4660,1004138092,642800000,644674.2174837864
completed,1995-02-01,2011-01-05,5817,1002195351,802400000,785074.9709564835
completed,1995-03-01,2011-01-12,5796,1000442822,799600000,777973.5391046433
completed,1995-04-01,2011-01-27,5780,1000899041,797000000,770194.8473074172
completed,1995-05-01,2011-02-04,5758,1001028700,794400000,763636.900774729
completed,1995-06-01,2011-02-08,5731,1000764183,790400000,755538.9478310779
completed,1995-07-01,2011-02-17,5710,1003221698,787400000,748432.7104498022
completed,1995-08-01,2011-04-21,5742,1000302578,792200000,747956.8822081889
completed,1995-09-01,2011-04-27,5717,1003425986,788200000,740175.2362965825
completed,1995-10-01,2011-04-29,5689,1000285385,784600000,733556.806496338
completed,1995-11-01,2012-01-25,5929,1002246971,817400000,755808.1286322696
completed,1995-12-01,2012-02-03,5908,1008424565,814600000,749813.7762394939
completed,1996-01-01,2012-02-07,5881,1001669229,811000000,743602.088463899
completed,1996-02-01,2012-02-16,5859,1001522535,808000000,737476.4415896918
completed,1996-03-01,2012-02-27,5841,1001346422,805200000,732197.8427673546
completed,1996-04-01,2012-03-13,5825,1015295457,803200000,727315.084946834
completed,1996-05-01,2012-03-13,5795,1006234909,799000000,720824.4882471027
completed,1996-06-01,2012-03-15,5766,1002092585,795000000,714453.5882237699
completed,1996-07-01,2012-03-26,5747,1004966972,792400000,709466.9051151907
completed,1996-08-01,2012-08-07,5850,1003861579,806600000,716353.2282371207
completed,1996-09-01,2012-08-16,5828,1006015942,803600000,710709.1690159851
completed,1996-10-01,2012-09-06,5819,1012171749,802400000,706764.6235534583
completed,1996-11-01,2012-09-06,5788,1002779659,797800000,700206.4515310866
completed,1996-12-01,2012-09-13,5765,1015367022,794800000,695461.6329149085
completed,1997-01-01,2012-09-13,5734,1007115239,790600000,689809.687865515
completed,1997-02-01,2012-09-14,5704,1002882523,786400000,684201.8252479576
completed,1997-03-01,2013-01-02,5786,1008633947,797200000,689701.9438905433
completed,1997-04-01,2013-01-02,5755,1001247597,793200000,684651.1719527723
completed,1997-05-01,2013-01-10,5733,1000614370,790000000,679709.7882424698
completed,1997-06-01,2013-01-17,5709,1000146383,786800000,675345.6747108422
completed,1997-07-01,2013-01-22,5684,1001237557,783000000,670818.9407898313
completed,1997-08-01,2013-01-25,5656,1001667161,779200000,666462.9715023827
completed,1997-09-01,2013-02-01,5632,1002625038,776000000,662599.0529542385
completed,1997-10-01,2013-02-12,5613,1001368302,773200000,659042.053058764
completed,1997-11-01,2013-02-19,5589,1002348191,769400000,654727.3114363775
completed,1997-12-01,2013-03-05,5573,1003945007,767600000,652001.2352336122
completed,1998-01-01,2013-03-07,5544,1000197759,763600000,647687.4053169413
completed,1998-02-01,2013-03-11,5517,1001881700,760000000,643791.8286579165
completed,1998-03-01,2013-03-14,5492,1001193532,756800000,640464.6440459479
completed,1998-04-01,2013-03-28,5475,1000612045,754400000,637661.5215636487
completed,1998-05-01,2013-04-10,5458,1008061310,751800000,634907.2719455804
completed,1998-06-01,2013-04-10,5427,1002331146,747800000,631298.2430936133
completed,1998-07-01,2013-04-29,5416,1002351071,746000000,628981.4200289496
completed,1998-08-01,2013-05-03,5389,1010105082,742400000,625676.7476262451
completed,1998-09-01,2013-05-03,5358,1003789286,738200000,621764.6331506891
completed,1998-10-01,2013-05-07,5332,1004670482,734400000,617893.7405465585
completed,1998-11-01,2013-05-08,5302,1002058731,730200000,613747.1094286325
completed,1998-12-01,2013-05-14,5278,1007927195,727000000,610739.1300868962
completed,1999-01-01,2013-05-14,5247,1001821849,722600000,607039.6826903318
completed,1999-02-01,2013-05-15,5217,1002096585,719000000,604116.6204608468
completed,1999-03-01,2013-05-17,5191,1002664434,715600000,601308.84034958
completed,1999-04-01,2013-07-11,5215,1008790303,718400000,602255.669275093
completed,1999-05-01,2013-07-11,5185,1003518279,714200000,599108.230143496
completed,1999-06-01,2013-07-12,5155,1001768666,710400000,596223.4640328445
completed,1999-07-01,2013-07-18,5131,1002423585,706800000,593371.2497380004
completed,1999-08-01,2013-07-22,5104,1001321035,703000000,590565.2029838567
completed,1999-09-01,2013-08-01,5083,1003974115,700200000,588196.006905091
completed,1999-10-01,2013-08-02,5054,1000371203,696200000,585125.3034217694
completed,1999-11-01,2013-09-18,5070,1010678208,698400000,585723.8378468808
completed,1999-12-01,2013-09-18,5040,1005466477,694200000,582703.4549643667
completed,2000-01-01,2013-09-18,5009,1000151000,689800000,579622.9476486895
completed,2000-02-01,2013-10-17,5007,1004002963,690000000,579293.7423910749
completed,2000-03-01,2013-10-18,4979,1005751183,686200000,576526.9034596446
completed,2000-04-01,2013-10-18,4948,1000177315,681600000,573331.7946056698
completed,2000-05-01,2013-10-22,4922,1001843053,678200000,570958.087876401
completed,2000-06-01,2013-10-28,4897,1001426345,674600000,568310.9192494362
completed,2000-07-01,2013-10-29,4868,1001885143,670400000,565413.9061198209
completed,2000-08-01,2013-11-13,4852,1004947608,668600000,563943.6634945472
completed,2000-09-01,2013-11-14,4822,1004462512,664200000,560957.9449941306
completed,2000-10-01,2013-11-15,4793,1004002213,660400000,558343.538222477
completed,2000-11-01,2013-11-22,4769,1002968074,657000000,555734.8726475483
completed,2000-12-01,2013-12-09,4756,1001455285,654800000,553788.9305334712
completed,2001-01-01,2013-12-20,4736,1003322709,652600000,551785.5706852706
completed,2001-02-01,2013-12-23,4708,1003108136,648600000,548749.2503138575
completed,2001-03-01,2013-12-24,4681,1000892286,645000000,545945.2336347201
completed,2001-04-01,2013-12-31,4657,1003037193,641400000,542663.3350980439
completed,2001-05-01,2014-02-24,4682,1003734241,644600000,543260.888086279
completed,2001-06-01,2014-02-27,4654,1001541252,640800000,540121.1414000867
completed,2001-07-01,2014-03-04,4629,1006386971,637200000,537051.9144913635
completed,2001-08-01,2014-03-06,4600,1001916416,633400000,533777.5106797873
completed,2001-09-01,2014-04-01,4595,1002727542,632400000,531804.2404786899
completed,2001-10-01,2014-04-02,4566,1000345704,629600000,529031.5150562569
completed,2001-11-01,2014-05-12,4575,1000766995,630400000,527649.7944287602
completed,2001-12-01,2014-05-27,4560,1003733338,628200000,524989.8377885023
completed,2002-01-01,2014-05-29,4531,1001688512,624600000,521704.6072980228
completed,2002-02-01,2014-06-05,4507,1006203683,621400000,518538.7505828109
completed,2002-03-01,2014-06-06,4480,1004328880,617800000,515188.4184863966
completed,2002-04-01,2014-06-18,4461,1003039278,615400000,512544.4761396942
completed,2002-05-01,2014-07-01,4444,1005415259,612800000,509504.4325258229
completed,2002-06-01,2014-07-03,4415,1003895613,608800000,505628.7991995556
completed,2002-07-01,2014-07-24,4406,1000153143,607600000,503100.20902413694
completed,2002-08-01,2014-08-26,4408,1001140530,607800000,500565.2544360544
completed,2002-09-01,2014-09-18,4400,1000327049,606600000,497338.6447328832
completed,2002-10-01,2014-10-31,4413,1000761814,608800000,495905.34918851947
completed,2002-11-01,2014-11-10,4392,1000996214,605400000,491103.2986588991
completed,2002-12-01,2014-11-20,4372,1000691794,603000000,487488.391012426
completed,2003-01-01,2014-11-26,4347,1001597859,599600000,483203.0709323013
completed,2003-02-01,2014-12-24,4344,1000060316,599200000,480364.08091020177
completed,2003-03-01,2015-02-12,4366,1000506072,602000000,479059.45115589467
completed,2003-04-01,2015-02-20,4343,1001484269,598800000,474569.6093748494
completed,2003-05-01,2015-04-23,4375,1001461897,603200000,473968.342565137
completed,2003-06-01,2015-05-18,4369,1003054389,602400000,471094.5016066713
completed,2003-07-01,2015-07-16,4398,1000008149,606400000,470749.3471996855
completed,2003-08-01,2015-12-01,4505,1000379532,621200000,475775.3805698777
completed,2003-09-01,2016-04-13,4608,1001043016,635200000,480711.40987524367
completed,2003-10-01,2016-04-19,4584,1002026577,631800000,476973.79758166656
completed,2003-11-01,2016-06-02,4597,1001125226,633400000,475535.1936919904
completed,2003-12-01,2016-06-08,4573,1000849259,630400000,472294.7281533479
completed,2004-01-01,2016-07-08,4572,1001563847,630200000,470239.867284113
completed,2004-02-01,2016-07-12,4545,1004821443,626600000,466894.111649288
completed,2004-03-01,2016-07-14,4518,1003451501,623200000,463755.7489281957
completed,2004-04-01,2016-07-22,4495,1000982330,619800000,460215.40742171695
completed,2004-05-01,2016-08-11,4485,1000648970,618400000,457797.38795115857
completed,2004-06-01,2016-11-15,4550,1003831915,627800000,460391.0149574396
completed,2004-07-01,2016-11-21,4526,1004676082,624400000,457049.0648517234
completed,2004-08-01,2016-11-25,4499,1003804098,620800000,453522.5127735809
completed,2004-09-01,2016-12-07,4480,1009070373,618000000,450206.4956621471
completed,2004-10-01,2016-12-07,4450,1000647317,613800000,446448.46794633387
completed,2004-11-01,2016-12-09,4421,1000675786,610000000,442868.9920704195
completed,2004-12-01,2017-01-04,4417,1000699626,609000000,440691.2371468232
completed,2005-01-01,2017-01-25,4407,1007269235,607400000,438253.7121772616
completed,2005-02-01,2017-02-03,4385,1000480121,604800000,435479.866827152
completed,2005-03-01,2017-02-10,4364,1002284709,602000000,432746.7151115379
completed,2005-04-01,2017-02-14,4337,1003371255,598000000,429235.0303387198
completed,2005-05-01,2017-02-15,4308,1000105231,594000000,425712.5601688231
completed,2005-06-01,2017-02-24,4286,1000570761,591000000,422656.11391018255
completed,2005-07-01,2017-03-01,4261,1004502989,587200000,419248.6543997985
completed,2005-08-01,2017-04-25,4285,1001293443,590800000,419195.0125241373
completed,2005-09-01,2017-05-15,4274,1000824585,589000000,416607.5116813257
completed,2005-10-01,2017-06-01,4261,1006486678,587200000,414181.8121090055
completed,2005-11-01,2017-06-02,4231,1001823206,583200000,410739.8222075845
completed,2005-12-01,2017-06-19,4218,1001620313,581200000,408248.0780714516
completed,2006-01-01,2017-07-18,4216,1000392195,581000000,406562.6621097054
completed,2006-02-01,2017-07-25,4192,1000360840,578000000,403838.6713820088
completed,2006-03-01,2017-09-11,4212,1004062282,580800000,403544.15170279937
completed,2006-04-01,2017-09-15,4185,1000863592,577000000,400308.61189671815
completed,2006-05-01,2017-09-29,4169,1003180504,575200000,398188.6121614861
completed,2006-06-01,2017-10-03,4142,1000993312,571200000,394934.577435233
completed,2006-07-01,2017-10-11,4120,1001382739,568000000,391893.811650274
completed,2006-08-01,2017-10-20,4098,1002442335,565400000,389266.2543373652
completed,2006-09-01,2017-11-03,4081,1000121120,562800000,386469.4442256441
completed,2006-10-01,2017-11-24,4072,1000672246,561600000,384516.05692850816
completed,2006-11-01,2017-11-28,4045,1002061833,557600000,381441.4013809945
completed,2006-12-01,2017-11-30,4017,1002289899,553800000,378568.303829137
completed,2007-01-01,2017-12-11,3997,1000885741,551200000,376274.2511131248
completed,2007-02-01,2017-12-15,3970,1000126350,548000000,373765.8235888097
completed,2007-03-01,2018-01-02,3960,1002519362,546200000,371880.56303176266
completed,2007-04-01,2018-01-03,3930,1000648094,542000000,368826.3705516713
completed,2007-05-01,2018-01-05,3902,1004649030,538400000,366239.2018178977
completed,2007-06-01,2018-01-09,3875,1000019074,534400000,363472.79293973406
completed,2007-07-01,2018-01-12,3848,1005598953,530800000,360916.1296171244
completed,2007-08-01,2018-01-17,3822,1004147773,527000000,358296.611889957
completed,2007-09-01,2018-01-22,3796,1006686885,523000000,355346.82550124894
completed,2007-10-01,2018-01-23,3767,1001867173,519400000,352878.246213335
completed,2007-11-01,2018-01-26,3739,1005793914,515400000,350100.7261866569
completed,2007-12-01,2018-07-17,3881,1000008067,534800000,355931.7505812535
completed,2008-01-01,2018-07-25,3858,1006522253,532000000,353653.36407654465
completed,2008-02-01,2018-08-06,3839,1000977572,529400000,351170.92583551403
completed,2008-03-01,2018-08-24,3828,1003844074,528200000,349200.816406683
completed,2008-04-01,2018-08-27,3800,1002943162,524400000,346231.68330691993
completed,2008-05-01,2018-09-19,3793,1000701159,523200000,344125.9914376358
completed,2008-06-01,2019-03-21,3945,1000217208,544000000,350353.51737113553
completed,2008-07-01,2019-04-04,3929,1001812961,541800000,347925.42835229967
completed,2008-08-01,2019-04-12,3906,1002591878,538600000,344840.2217724182
completed,2008-09-01,2019-04-23,3886,1003244387,535600000,341974.7247130684
completed,2008-10-01,2019-06-20,3914,1008489470,539600000,341377.13125561754
completed,2008-11-01,2019-07-02,3895,1002335678,536600000,337145.0735436045
completed,2008-12-01,2019-07-12,3875,1004459211,534200000,333289.9341279594
completed,2009-01-01,2019-10-21,3945,1001283300,543800000,333015.1495508868
completed,2009-02-01,2019-10-30,3923,1001925731,541200000,328848.49359237344
completed,2009-03-01,2019-11-07,3903,1001165817,538600000,324508.08029974904
completed,2009-04-01,2019-11-25,3890,1001022512,536600000,319444.01621504925
completed,2009-05-01,2019-12-16,3881,1006525232,535200000,315381.8006805236
completed,2009-06-01,2019-12-20,3854,1002437386,532000000,311198.05415838404
completed,2009-07-01,2020-01-09,3844,1005942749,530000000,307186.2351187395
completed,2009-08-01,2020-01-16,3820,1004265443,526600000,302780.5107688288
completed,2009-09-01,2020-02-06,3810,1001961269,525200000,299470.1567801064
completed,2009-10-01,2020-02-19,3793,1002038266,522600000,295922.59513287514
completed,2009-11-01,2020-08-06,3931,1004225703,541800000,299844.0593142931
completed,2009-12-01,2020-08-12,3907,1001951668,538600000,296404.7033623237
completed,2010-01-01,2020-08-24,3888,1005069825,535800000,292913.9611258904
completed,2010-02-01,2020-08-26,3859,1007599645,532400000,289645.8338647329
completed,2010-03-01,2020-08-28,3833,1004239610,529000000,286270.4516671447
completed,2010-04-01,2020-09-02,3807,1011394709,525000000,282446.2095040297
completed,2010-05-01,2020-11-09,3845,1000211032,530200000,281709.90923747595
completed,2010-06-01,2020-11-16,3821,1009838285,527200000,278430.14282388525
completed,2010-07-01,2020-12-01,3806,1006870265,524800000,274920.88949870697
completed,2010-08-01,2020-12-04,3778,1003166190,521200000,271191.9629513913
completed,2010-09-01,2020-12-28,3771,1000918823,519800000,267954.92410575226
completed,2010-10-01,2021-01-07,3751,1006427675,517000000,264584.8033835308
completed,2010-11-01,2021-01-20,3733,1006936902,514400000,261419.83024464868
completed,2010-12-01,2021-02-04,3718,1000807222,512400000,258492.96764725845
completed,2011-01-01,2021-02-12,3695,1004377879,509200000,255255.1284118209
completed,2011-02-01,2021-03-15,3695,1004793297,509200000,253166.695474017
completed,2011-03-01,2021-04-01,3684,1008789430,508000000,250948.88679889217
completed,2011-04-01,2021-04-05,3657,1009161746,503600000,247470.9401569842
completed,2011-05-01,2021-04-08,3630,1002229754,500200000,244613.33447607968
completed,2011-06-01,2021-04-13,3604,1000693229,496600000,241619.96069027376
completed,2011-07-01,2021-04-29,3590,1005609418,494600000,238777.01959044565
completed,2011-08-01,2021-06-04,3595,1002299462,495600000,236955.82940357228
completed,2011-09-01,2021-06-25,3585,1000733765,494000000,233778.0656182175
completed,2011-10-01,2021-07-02,3562,1002902846,490800000,230430.54171188368
completed,2011-11-01,2021-07-23,3552,1004078989,489400000,227589.4168427909
completed,2011-12-01,2021-08-12,3542,1002768147,488000000,224795.5853487807
completed,2012-01-01,2021-08-27,3526,1000680405,486000000,221909.8783587516
completed,2012-02-01,2021-10-20,3549,1000245039,489400000,220502.852549114
completed,2012-03-01,2021-10-28,3528,1001132734,486600000,217808.0094409724
completed,2012-04-01,2021-11-03,3503,1001157374,483000000,214812.97999061097
completed,2012-05-01,2021-12-08,3508,1001161936,483800000,212958.80553661552
completed,2012-06-01,2021-12-27,3496,1007061883,481800000,210189.9072565922
completed,2012-07-01,2023-06-30,4016,1003754477,553400000,225543.5441044063
completed,2012-08-01,2023-07-13,3998,1004902520,550800000,222814.54724430223
completed,2012-09-01,2023-07-18,3972,1000588662,546800000,219669.16704868505
completed,2012-10-01,2023-11-20,4067,1005135841,560600000,221036.25421115904
completed,2012-11-01,2023-12-01,4047,1003768936,558000000,218465.6733352324
completed,2012-12-01,2023-12-12,4028,1001915466,555200000,215758.0089642428
completed,2013-01-01,2023-12-13,3998,1002553403,551400000,212987.94011956023
completed,2013-02-01,2023-12-19,3973,1002880738,548000000,210319.4044006131
completed,2013-03-01,2024-01-19,3976,1009814411,548200000,208647.5318888836
completed,2013-04-01,2024-01-23,3949,1002839468,544600000,206150.447871542
completed,2013-05-01,2024-01-29,3925,1002894312,541000000,203512.2885468597
completed,2013-06-01,2024-02-07,3903,1004568814,538000000,201112.4619561967
completed,2013-07-01,2024-02-15,3881,1000316679,535200000,198880.79074612824
completed,2013-08-01,2024-02-29,3864,1001925143,532600000,196599.69804257
completed,2013-09-01,2024-03-07,3840,1001351501,529200000,194159.7060994797
completed,2013-10-01,2024-03-20,3823,1003845929,527000000,192137.59647014432
completed,2013-11-01,2024-05-14,3847,1001797666,530000000,190939.3496102132
completed,2013-12-01,2024-05-15,3818,1001828850,526200000,188734.0881997849
completed,2014-01-01,2024-06-05,3808,1000878462,524800000,186939.270512441
completed,2014-02-01,2024-06-12,3784,1001916521,521600000,184820.3240975101
completed,2014-03-01,2024-06-17,3761,1000716343,518400000,182838.35024343897
completed,2014-04-01,2024-07-03,3746,1002122614,516400000,180985.9119925653
completed,2014-05-01,2024-07-10,3723,1007770837,513000000,178875.92062977038
completed,2014-06-01,2024-07-16,3698,1001935525,509600000,176795.5118935089
completed,2014-07-01,2024-09-19,3733,1007371835,514600000,176309.99422272816
completed,2014-08-01,2024-09-26,3709,1001157224,511200000,174254.61275856188
completed,2014-09-01,2024-10-11,3693,1003068164,509200000,172495.78498276277
completed,2014-10-01,2024-10-18,3670,1000276164,506000000,170559.6673485412
completed,2014-11-01,2024-11-07,3659,1007456187,504200000,168665.54852339698
completed,2014-12-01,2024-11-08,3630,1000297060,500600000,166840.19465945888
completed,2015-01-01,2024-12-04,3625,1005892137,499600000,165266.37477163997
completed,2015-02-01,2025-01-22,3643,1000185519,501800000,164332.02705847
completed,2015-03-01,2025-02-19,3643,1002311572,501800000,163132.6664345371
completed,2015-04-01,2025-06-26,3739,1007713567,515000000,164095.4706542517
completed,2015-05-01,2025-06-27,3710,1000795721,511000000,162122.85324957062
completed,2015-06-01,2025-07-03,3685,1006939241,507800000,160357.23857684972
completed,2015-07-01,2025-07-21,3673,1000145131,505600000,158612.2043946368
completed,2015-08-01,2025-07-25,3646,1000695716,502000000,156636.73262917044
completed,2015-09-01,2025-08-13,3634,1002215490,500400000,154983.85218124304
completed,2015-10-01,2025-09-10,3632,1002090351,500000000,153411.544629033
completed,2015-11-01,2025-09-15,3606,1001080320,496200000,151328.49295186426
completed,2015-12-01,2025-09-22,3583,1001093150,493200000,149556.39966035893
completed,2016-01-01,2025-10-24,3584,1006066264,493600000,148131.9484395218
completed,2016-02-01,2025-10-27,3556,1003422124,490000000,146179.3958419688
completed,2016-03-01,2025-12-11,3572,1000791865,492400000,145021.281811027
completed,2016-04-01,2026-01-12,3573,1000724496,492000000,143426.3678360937
completed,2016-05-01,2026-04-15,3636,1006292163,500600000,143286.24516183086
completed,2016-06-01,2026-04-17,3607,1006977889,496800000,141309.20605257424
completed,2016-07-01,2026-04-30,3590,1005293372,494200000,139449.57843430867
in_progress,2016-08-01,2026-08-07,3658,688708093,250000000,1924140.7055783602
in_progress,2016-09-01,2026-08-07,3627,680388443,250000000,1900914.4595651163
in_progress,2016-10-01,2026-08-07,3597,672540397,250000000,1870626.7178983095
in_progress,2016-11-01,2026-08-07,3566,664740678,250000000,1806601.6013126667
in_progress,2016-12-01,2026-08-07,3536,656710182,250000000,1851850.0104906969
in_progress,2017-01-01,2026-08-07,3505,649206517,250000000,1886461.4436126219
in_progress,2017-02-01,2026-08-07,3474,642143449,250000000,1883887.6393479814
in_progress,2017-03-01,2026-08-07,3446,636083110,250000000,1961404.775219997
in_progress,2017-04-01,2026-08-07,3415,629253425,250000000,1910283.8154918049
in_progress,2017-05-01,2026-08-07,3385,623292732,250000000,1915844.3342582865
in_progress,2017-06-01,2026-08-07,3354,617212612,250000000,1930303.5415828796
in_progress,2017-07-01,2026-08-07,3324,611797383,250000000,1912540.88511794
in_progress,2017-08-01,2026-08-07,3293,607231376,250000000,1935263.2789566298
in_progress,2017-09-01,2026-08-07,3262,601334991,250000000,1916626.0799732646
in_progress,2017-10-01,2026-08-07,3232,596626057,250000000,1941983.2548263762
in_progress,2017-11-01,2026-08-07,3201,592532688,250000000,1966971.6506045554
in_progress,2017-12-01,2026-08-07,3171,588438198,250000000,2000984.0920226735
in_progress,2018-01-01,2026-08-07,3140,584578316,250000000,2028176.7499709537
in_progress,2018-02-01,2026-08-07,3109,581293445,250000000,2111169.7867409135
in_progress,2018-03-01,2026-08-07,3081,577598077,250000000,1990474.3593620248
in_progress,2018-04-01,2026-08-07,3050,573735439,250000000,1906432.8743533294
in_progress,2018-05-01,2026-08-07,3020,569475570,250000000,1945721.7025472345
in_progress,2018-06-01,2026-08-07,2989,565101102,250000000,1988826.8134992935
in_progress,2018-07-01,2026-08-07,2959,560902653,250000000,1968340.5839108867
in_progress,2018-08-01,2026-08-07,2928,556569968,250000000,2015203.465823715
in_progress,2018-09-01,2026-08-07,2897,552023316,250000000,2057963.8567075252
in_progress,2018-10-01,2026-08-07,2867,548460586,250000000,2064354.2948278687
in_progress,2018-11-01,2026-08-07,2836,543904751,250000000,1918252.989644657
in_progress,2018-12-01,2026-08-07,2806,539451213,250000000,1937259.479576899
in_progress,2019-01-01,2026-08-07,2775,534342358,250000000,1726125.3416899813
in_progress,2019-02-01,2026-08-07,2744,528679710,250000000,1841532.1337612509
in_progress,2019-03-01,2026-08-07,2716,523938545,250000000,1890532.4727150274
in_progress,2019-04-01,2026-08-07,2685,518700907,250000000,1914023.5628451149
in_progress,2019-05-01,2026-08-07,2655,513758836,250000000,1933171.4558516603
in_progress,2019-06-01,2026-08-07,2624,508437250,250000000,1795835.2187562275
in_progress,2019-07-01,2026-08-07,2594,503505380,250000000,1920898.7957870902
in_progress,2019-08-01,2026-08-07,2563,498271629,250000000,1894025.2946238662
in_progress,2019-09-01,2026-08-07,2532,492770602,250000000,1843124.0262961742
in_progress,2019-10-01,2026-08-07,2502,487923933,250000000,1846333.664891253
in_progress,2019-11-01,2026-08-07,2471,482116953,250000000,1902949.3561459945
in_progress,2019-12-01,2026-08-07,2441,477409272,250000000,1913221.0548522118
in_progress,2020-01-01,2026-08-07,2410,472556067,250000000,1981336.5422912366
in_progress,2020-02-01,2026-08-07,2379,468094642,250000000,1957250.8297734521
in_progress,2020-03-01,2026-08-07,2350,463933677,250000000,1845102.549721657
in_progress,2020-04-01,2026-08-07,2319,456847351,250000000,1452545.6068764664
in_progress,2020-05-01,2026-08-07,2289,451035317,250000000,1643159.534257545
in_progress,2020-06-01,2026-08-07,2258,445844167,250000000,1753363.1401410317
in_progress,2020-07-01,2026-08-07,2228,440569615,250000000,1766714.203168185
in_progress,2020-08-01,2026-08-07,2197,435384743,250000000,1846082.225914182
in_progress,2020-09-01,2026-08-07,2166,430871263,250000000,1955616.4710900167
in_progress,2020-10-01,2026-08-07,2136,426158444,250000000,1854233.3713215312
in_progress,2020-11-01,2026-08-07,2105,421269804,250000000,1794707.263056646
in_progress,2020-12-01,2026-08-07,2075,417097456,250000000,1965971.081257603
in_progress,2021-01-01,2026-08-07,2044,412860189,250000000,1966349.4260242009
in_progress,2021-02-01,2026-08-07,2013,409346936,250000000,1988180.1849618212
in_progress,2021-03-01,2026-08-07,1985,406014267,250000000,2038825.7394679007
in_progress,2021-04-01,2026-08-07,1954,402162178,250000000,2080608.087722371
in_progress,2021-05-01,2026-08-07,1924,399094118,250000000,2153490.3180865184
in_progress,2021-06-01,2026-08-07,1893,395880432,250000000,2140887.725628115
in_progress,2021-07-01,2026-08-07,1863,392380461,250000000,2181498.281932266
in_progress,2021-08-01,2026-08-07,1832,389255403,250000000,2197839.0778328986
in_progress,2021-09-01,2026-08-07,1801,383632076,247600000,2233679.798136622
in_progress,2021-10-01,2026-08-07,1771,376289517,243400000,2110005.0200549434
in_progress,2021-11-01,2026-08-07,1740,368970120,239200000,2190858.6427090354
in_progress,2021-12-01,2026-08-07,1710,361977666,235000000,2102426.9639434805
in_progress,2022-01-01,2026-08-07,1679,354662093,230600000,2189384.7256282712
in_progress,2022-02-01,2026-08-07,1648,347859333,226600000,2035422.935370972
in_progress,2022-03-01,2026-08-07,1620,341199931,222800000,1890962.8222606857
in_progress,2022-04-01,2026-08-07,1589,333052186,218200000,1948507.822716492
in_progress,2022-05-01,2026-08-07,1559,325968629,214200000,1743252.7538738998
in_progress,2022-06-01,2026-08-07,1528,317885925,210000000,1677873.5686155157
in_progress,2022-07-01,2026-08-07,1498,309500886,205800000,1523718.0467658793
in_progress,2022-08-01,2026-08-07,1467,301551147,201800000,1598407.7351793267
in_progress,2022-09-01,2026-08-07,1436,292951820,197200000,1495601.1402305416
in_progress,2022-10-01,2026-08-07,1406,284464195,193000000,1346678.462049721
in_progress,2022-11-01,2026-08-07,1375,275699905,188800000,1368228.7540922998
in_progress,2022-12-01,2026-08-07,1345,267363694,184600000,1402720.508396065
in_progress,2023-01-01,2026-08-07,1314,259018353,180400000,1274788.4790485702
in_progress,2023-02-01,2026-08-07,1283,251168032,176400000,1331533.5248832987
in_progress,2023-03-01,2026-08-07,1255,243928584,172600000,1240470.3848316614
in_progress,2023-04-01,2026-08-07,1224,234920091,168000000,1246999.646952843
in_progress,2023-05-01,2026-08-07,1194,227755684,164200000,1221679.2476618288
in_progress,2023-06-01,2026-08-07,1163,219177525,159800000,1192569.7808286252
in_progress,2023-07-01,2026-08-07,1133,211678070,155600000,1215770.102900816
in_progress,2023-08-01,2026-08-07,1102,204793502,151600000,1208208.3596698502
